<Anims>
 <anim name="idle" root="warly_question_mark" numframes="325" framerate="40">
  <frame idx="0" w="301" h="288" x="-0.530548" y="-75.483368">
   <element name="cutstone01" layername="cutston" frame="0" z_index="2" m_a="1.000000" m_b="0.000000" m_c="0.000000" m_d="1.000000" m_tx="1.855433" m_ty="0.962897"/>
  </frame>
  <frame idx="25" w="330" h="300" x="-10.235809" y="-60.485588">
   <element name="cutstone01" layername="cutston" frame="0" z_index="2" m_a="0.995162" m_b="0.098250" m_c="-0.098250" m_d="0.995162" m_tx="1.896283" m_ty="3.046230"/>
  </frame>
  <frame idx="50" w="358" h="311" x="-21.162735" y="-46.507866">
   <element name="cutstone01" layername="cutston" frame="0" z_index="2" m_a="0.980694" m_b="0.195549" m_c="-0.195549" m_d="0.980694" m_tx="1.937133" m_ty="5.129563"/>
  </frame>
  <frame idx="75" w="383" h="319" x="-33.205231" y="-33.665268">
   <element name="cutstone01" layername="cutston" frame="0" z_index="2" m_a="0.956737" m_b="0.290956" m_c="-0.290956" m_d="0.956737" m_tx="1.977982" m_ty="7.212896"/>
  </frame>
  <frame idx="100" w="406" h="328" x="-46.246368" y="-22.061890">
   <element name="cutstone01" layername="cutston" frame="0" z_index="2" m_a="0.923521" m_b="0.383547" m_c="-0.383547" m_d="0.923521" m_tx="2.018832" m_ty="9.296230"/>
  </frame>
  <frame idx="125" w="393" h="322" x="-38.236755" y="-27.051346">
   <element name="cutstone01" layername="cutston" frame="0" z_index="2" m_a="0.943602" m_b="0.331081" m_c="-0.331081" m_d="0.943602" m_tx="2.444297" m_ty="9.584692"/>
  </frame>
  <frame idx="150" w="351" h="304" x="-17.809906" y="-45.127274">
   <element name="cutstone01" layername="cutston" frame="0" z_index="2" m_a="0.984164" m_b="0.177259" m_c="-0.177259" m_d="0.984164" m_tx="3.126173" m_ty="8.676572"/>
  </frame>
  <frame idx="175" w="304" h="283" x="-0.355423" y="-66.116928">
   <element name="cutstone01" layername="cutston" frame="0" z_index="2" m_a="0.999820" m_b="0.018952" m_c="-0.018952" m_d="0.999820" m_tx="3.808048" m_ty="7.768452"/>
  </frame>
  <frame idx="200" w="311" h="343" x="13.702423" y="-89.512230">
   <element name="cutstone01" layername="cutston" frame="0" z_index="2" m_a="0.990175" m_b="-0.139834" m_c="0.139834" m_d="0.990175" m_tx="4.489923" m_ty="6.860332"/>
  </frame>
  <frame idx="225" w="321" h="410" x="24.025101" y="-114.744110">
   <element name="cutstone01" layername="cutston" frame="0" z_index="2" m_a="0.955472" m_b="-0.295082" m_c="0.295082" m_d="0.955472" m_tx="5.171799" m_ty="5.952213"/>
  </frame>
  <frame idx="250" w="323" h="429" x="26.572876" y="-121.782791">
   <element name="cutstone01" layername="cutston" frame="0" z_index="2" m_a="0.937444" m_b="-0.348135" m_c="0.348135" m_d="0.937444" m_tx="5.263930" m_ty="7.796230"/>
  </frame>
  <frame idx="275" w="318" h="384" x="21.119949" y="-100.254616">
   <element name="cutstone01" layername="cutston" frame="0" z_index="2" m_a="0.967206" m_b="-0.253995" m_c="0.253995" m_d="0.967206" m_tx="4.471447" m_ty="13.768452"/>
  </frame>
  <frame idx="300" w="313" h="336" x="14.155746" y="-79.261833">
   <element name="cutstone01" layername="cutston" frame="0" z_index="2" m_a="0.987538" m_b="-0.157379" m_c="0.157379" m_d="0.987538" m_tx="3.678963" m_ty="19.740675"/>
  </frame>
 </anim>
 <anim name="idle2" root="warly_question_mark" numframes="1000" framerate="40">
  <frame idx="0" w="301" h="274" x="-0.000031" y="-63.353867">
   <element name="cutstone01" layername="cutston" frame="1" z_index="2" m_a="1.000000" m_b="0.000000" m_c="0.000000" m_d="1.000000" m_tx="4.000000" m_ty="14.000000"/>
  </frame>
  <frame idx="25" w="299" h="274" x="-1.578339" y="-63.160652">
   <element name="cutstone01" layername="cutston" frame="1" z_index="2" m_a="0.988395" m_b="0.000000" m_c="0.000000" m_d="1.001016" m_tx="4.000000" m_ty="14.099206"/>
  </frame>
  <frame idx="50" w="296" h="274" x="-3.156662" y="-62.967430">
   <element name="cutstone01" layername="cutston" frame="1" z_index="2" m_a="0.976789" m_b="0.000000" m_c="0.000000" m_d="1.002033" m_tx="4.000000" m_ty="14.198413"/>
  </frame>
  <frame idx="75" w="295" h="274" x="-4.734985" y="-62.774200">
   <element name="cutstone01" layername="cutston" frame="1" z_index="2" m_a="0.965184" m_b="0.000000" m_c="0.000000" m_d="1.003049" m_tx="4.000000" m_ty="14.297619"/>
  </frame>
  <frame idx="100" w="293" h="274" x="-6.313293" y="-62.580971">
   <element name="cutstone01" layername="cutston" frame="1" z_index="2" m_a="0.953579" m_b="0.000000" m_c="0.000000" m_d="1.004066" m_tx="4.000000" m_ty="14.396826"/>
  </frame>
  <frame idx="125" w="292" h="274" x="-7.891602" y="-62.387772">
   <element name="cutstone01" layername="cutston" frame="1" z_index="2" m_a="0.941974" m_b="0.000000" m_c="0.000000" m_d="1.005082" m_tx="4.000000" m_ty="14.496032"/>
  </frame>
  <frame idx="150" w="290" h="274" x="-9.469925" y="-62.194557">
   <element name="cutstone01" layername="cutston" frame="1" z_index="2" m_a="0.930368" m_b="0.000000" m_c="0.000000" m_d="1.006098" m_tx="4.000000" m_ty="14.595238"/>
  </frame>
  <frame idx="175" w="288" h="274" x="-11.048241" y="-62.001328">
   <element name="cutstone01" layername="cutston" frame="1" z_index="2" m_a="0.918763" m_b="0.000000" m_c="0.000000" m_d="1.007115" m_tx="4.000000" m_ty="14.694445"/>
  </frame>
  <frame idx="200" w="286" h="274" x="-12.626556" y="-61.808105">
   <element name="cutstone01" layername="cutston" frame="1" z_index="2" m_a="0.907158" m_b="0.000000" m_c="0.000000" m_d="1.008131" m_tx="4.000000" m_ty="14.793651"/>
  </frame>
  <frame idx="225" w="284" h="274" x="-14.204872" y="-61.614876">
   <element name="cutstone01" layername="cutston" frame="1" z_index="2" m_a="0.895553" m_b="0.000000" m_c="0.000000" m_d="1.009147" m_tx="4.000000" m_ty="14.892858"/>
  </frame>
  <frame idx="250" w="283" h="274" x="-15.783188" y="-61.421661">
   <element name="cutstone01" layername="cutston" frame="1" z_index="2" m_a="0.883947" m_b="0.000000" m_c="0.000000" m_d="1.010164" m_tx="4.000000" m_ty="14.992064"/>
  </frame>
  <frame idx="275" w="286" h="274" x="-12.207916" y="-61.335495">
   <element name="cutstone01" layername="cutston" frame="1" z_index="2" m_a="0.910236" m_b="0.000000" m_c="0.000000" m_d="1.011342" m_tx="4.000000" m_ty="14.969252"/>
  </frame>
  <frame idx="300" w="291" h="274" x="-8.184502" y="-61.258621">
   <element name="cutstone01" layername="cutston" frame="1" z_index="2" m_a="0.939820" m_b="0.000000" m_c="0.000000" m_d="1.012534" m_tx="4.000000" m_ty="14.935829"/>
  </frame>
  <frame idx="325" w="295" h="274" x="-4.161102" y="-61.181770">
   <element name="cutstone01" layername="cutston" frame="1" z_index="2" m_a="0.969404" m_b="0.000000" m_c="0.000000" m_d="1.013726" m_tx="4.000000" m_ty="14.902407"/>
  </frame>
  <frame idx="350" w="300" h="274" x="-0.137695" y="-61.104912">
   <element name="cutstone01" layername="cutston" frame="1" z_index="2" m_a="0.998988" m_b="0.000000" m_c="0.000000" m_d="1.014919" m_tx="4.000000" m_ty="14.868984"/>
  </frame>
  <frame idx="375" w="304" h="275" x="3.885727" y="-61.028061">
   <element name="cutstone01" layername="cutston" frame="1" z_index="2" m_a="1.028572" m_b="0.000000" m_c="0.000000" m_d="1.016111" m_tx="4.000000" m_ty="14.835562"/>
  </frame>
  <frame idx="400" w="308" h="275" x="7.909119" y="-60.951187">
   <element name="cutstone01" layername="cutston" frame="1" z_index="2" m_a="1.058156" m_b="0.000000" m_c="0.000000" m_d="1.017303" m_tx="4.000000" m_ty="14.802139"/>
  </frame>
  <frame idx="425" w="313" h="275" x="11.932541" y="-60.874329">
   <element name="cutstone01" layername="cutston" frame="1" z_index="2" m_a="1.087739" m_b="0.000000" m_c="0.000000" m_d="1.018495" m_tx="4.000000" m_ty="14.768717"/>
  </frame>
  <frame idx="450" w="317" h="275" x="15.955933" y="-60.797478">
   <element name="cutstone01" layername="cutston" frame="1" z_index="2" m_a="1.117323" m_b="0.000000" m_c="0.000000" m_d="1.019688" m_tx="4.000000" m_ty="14.735294"/>
  </frame>
  <frame idx="475" w="322" h="275" x="19.979355" y="-60.720604">
   <element name="cutstone01" layername="cutston" frame="1" z_index="2" m_a="1.146907" m_b="0.000000" m_c="0.000000" m_d="1.020880" m_tx="4.000000" m_ty="14.701872"/>
  </frame>
  <frame idx="500" w="327" h="275" x="24.002747" y="-60.643761">
   <element name="cutstone01" layername="cutston" frame="1" z_index="2" m_a="1.176491" m_b="0.000000" m_c="0.000000" m_d="1.022072" m_tx="4.000000" m_ty="14.668449"/>
  </frame>
  <frame idx="525" w="332" h="275" x="28.026169" y="-60.566895">
   <element name="cutstone01" layername="cutston" frame="1" z_index="2" m_a="1.206075" m_b="0.000000" m_c="0.000000" m_d="1.023264" m_tx="4.000000" m_ty="14.635027"/>
  </frame>
  <frame idx="550" w="332" h="275" x="28.036896" y="-60.567230">
   <element name="cutstone01" layername="cutston" frame="1" z_index="2" m_a="1.206154" m_b="0.000000" m_c="0.000000" m_d="1.023622" m_tx="4.000000" m_ty="14.601604"/>
  </frame>
  <frame idx="575" w="325" h="275" x="22.940567" y="-60.665817">
   <element name="cutstone01" layername="cutston" frame="1" z_index="2" m_a="1.168681" m_b="0.000000" m_c="0.000000" m_d="1.022917" m_tx="4.000000" m_ty="14.568182"/>
  </frame>
  <frame idx="600" w="319" h="275" x="17.844269" y="-60.764427">
   <element name="cutstone01" layername="cutston" frame="1" z_index="2" m_a="1.131208" m_b="0.000000" m_c="0.000000" m_d="1.022213" m_tx="4.000000" m_ty="14.534760"/>
  </frame>
  <frame idx="625" w="314" h="275" x="12.747955" y="-60.863037">
   <element name="cutstone01" layername="cutston" frame="1" z_index="2" m_a="1.093735" m_b="0.000000" m_c="0.000000" m_d="1.021508" m_tx="4.000000" m_ty="14.501337"/>
  </frame>
  <frame idx="650" w="308" h="275" x="7.651642" y="-60.961639">
   <element name="cutstone01" layername="cutston" frame="1" z_index="2" m_a="1.056262" m_b="0.000000" m_c="0.000000" m_d="1.020803" m_tx="4.000000" m_ty="14.467915"/>
  </frame>
  <frame idx="675" w="303" h="275" x="2.555313" y="-61.060219">
   <element name="cutstone01" layername="cutston" frame="1" z_index="2" m_a="1.018789" m_b="0.000000" m_c="0.000000" m_d="1.020099" m_tx="4.000000" m_ty="14.434492"/>
  </frame>
  <frame idx="700" w="297" h="275" x="-2.541000" y="-61.158821">
   <element name="cutstone01" layername="cutston" frame="1" z_index="2" m_a="0.981316" m_b="0.000000" m_c="0.000000" m_d="1.019394" m_tx="4.000000" m_ty="14.401070"/>
  </frame>
  <frame idx="725" w="292" h="275" x="-7.637314" y="-61.257431">
   <element name="cutstone01" layername="cutston" frame="1" z_index="2" m_a="0.943843" m_b="0.000000" m_c="0.000000" m_d="1.018690" m_tx="4.000000" m_ty="14.367647"/>
  </frame>
  <frame idx="750" w="286" h="275" x="-12.733627" y="-61.356018">
   <element name="cutstone01" layername="cutston" frame="1" z_index="2" m_a="0.906371" m_b="0.000000" m_c="0.000000" m_d="1.017985" m_tx="4.000000" m_ty="14.334225"/>
  </frame>
  <frame idx="775" w="281" h="275" x="-17.829948" y="-61.454628">
   <element name="cutstone01" layername="cutston" frame="1" z_index="2" m_a="0.868898" m_b="0.000000" m_c="0.000000" m_d="1.017280" m_tx="4.000000" m_ty="14.300802"/>
  </frame>
  <frame idx="800" w="275" h="275" x="-22.926254" y="-61.553223">
   <element name="cutstone01" layername="cutston" frame="1" z_index="2" m_a="0.831425" m_b="0.000000" m_c="0.000000" m_d="1.016576" m_tx="4.000000" m_ty="14.267380"/>
  </frame>
  <frame idx="825" w="269" h="275" x="-28.022575" y="-61.651817">
   <element name="cutstone01" layername="cutston" frame="1" z_index="2" m_a="0.793952" m_b="0.000000" m_c="0.000000" m_d="1.015871" m_tx="4.000000" m_ty="14.233957"/>
  </frame>
  <frame idx="850" w="274" h="275" x="-23.837624" y="-61.854286">
   <element name="cutstone01" layername="cutston" frame="1" z_index="2" m_a="0.824724" m_b="0.000000" m_c="0.000000" m_d="1.014044" m_tx="4.000000" m_ty="14.200535"/>
  </frame>
  <frame idx="875" w="279" h="275" x="-19.265945" y="-62.061050">
   <element name="cutstone01" layername="cutston" frame="1" z_index="2" m_a="0.858339" m_b="0.000000" m_c="0.000000" m_d="1.012170" m_tx="4.000000" m_ty="14.167112"/>
  </frame>
  <frame idx="900" w="284" h="275" x="-14.694275" y="-62.267838">
   <element name="cutstone01" layername="cutston" frame="1" z_index="2" m_a="0.891954" m_b="0.000000" m_c="0.000000" m_d="1.010296" m_tx="4.000000" m_ty="14.133690"/>
  </frame>
  <frame idx="925" w="289" h="275" x="-10.122604" y="-62.474617">
   <element name="cutstone01" layername="cutston" frame="1" z_index="2" m_a="0.925569" m_b="0.000000" m_c="0.000000" m_d="1.008421" m_tx="4.000000" m_ty="14.100267"/>
  </frame>
  <frame idx="950" w="294" h="274" x="-5.550934" y="-62.681389">
   <element name="cutstone01" layername="cutston" frame="1" z_index="2" m_a="0.959185" m_b="0.000000" m_c="0.000000" m_d="1.006547" m_tx="4.000000" m_ty="14.066845"/>
  </frame>
  <frame idx="975" w="300" h="274" x="-0.979263" y="-62.888168">
   <element name="cutstone01" layername="cutston" frame="1" z_index="2" m_a="0.992800" m_b="0.000000" m_c="0.000000" m_d="1.004673" m_tx="4.000000" m_ty="14.033422"/>
  </frame>
 </anim>
</Anims>
