<Anims>
 <anim name="idle" root="warly_question_mark" numframes="325" framerate="40">
  <frame idx="0" w="301" h="288" x="-0.530548" y="-75.483368">
   <element name="cutstone01" layername="cutston" frame="0" z_index="1" m_a="1.000000" m_b="0.000000" m_c="0.000000" m_d="1.000000" m_tx="1.855433" m_ty="0.962897"/>
  </frame>
  <frame idx="25" w="330" h="300" x="-10.235809" y="-60.485588">
   <element name="cutstone01" layername="cutston" frame="0" z_index="1" m_a="0.995162" m_b="0.098250" m_c="-0.098250" m_d="0.995162" m_tx="1.896283" m_ty="3.046230"/>
  </frame>
  <frame idx="50" w="358" h="311" x="-21.162735" y="-46.507866">
   <element name="cutstone01" layername="cutston" frame="0" z_index="1" m_a="0.980694" m_b="0.195549" m_c="-0.195549" m_d="0.980694" m_tx="1.937133" m_ty="5.129563"/>
  </frame>
  <frame idx="75" w="383" h="319" x="-33.205231" y="-33.665268">
   <element name="cutstone01" layername="cutston" frame="0" z_index="1" m_a="0.956737" m_b="0.290956" m_c="-0.290956" m_d="0.956737" m_tx="1.977982" m_ty="7.212896"/>
  </frame>
  <frame idx="100" w="406" h="328" x="-46.246368" y="-22.061890">
   <element name="cutstone01" layername="cutston" frame="0" z_index="1" m_a="0.923521" m_b="0.383547" m_c="-0.383547" m_d="0.923521" m_tx="2.018832" m_ty="9.296230"/>
  </frame>
  <frame idx="125" w="393" h="322" x="-38.236755" y="-27.051346">
   <element name="cutstone01" layername="cutston" frame="0" z_index="1" m_a="0.943602" m_b="0.331081" m_c="-0.331081" m_d="0.943602" m_tx="2.444297" m_ty="9.584692"/>
  </frame>
  <frame idx="150" w="351" h="304" x="-17.809906" y="-45.127274">
   <element name="cutstone01" layername="cutston" frame="0" z_index="1" m_a="0.984164" m_b="0.177259" m_c="-0.177259" m_d="0.984164" m_tx="3.126173" m_ty="8.676572"/>
  </frame>
  <frame idx="175" w="304" h="283" x="-0.355423" y="-66.116928">
   <element name="cutstone01" layername="cutston" frame="0" z_index="1" m_a="0.999820" m_b="0.018952" m_c="-0.018952" m_d="0.999820" m_tx="3.808048" m_ty="7.768452"/>
  </frame>
  <frame idx="200" w="311" h="343" x="13.702423" y="-89.512230">
   <element name="cutstone01" layername="cutston" frame="0" z_index="1" m_a="0.990175" m_b="-0.139834" m_c="0.139834" m_d="0.990175" m_tx="4.489923" m_ty="6.860332"/>
  </frame>
  <frame idx="225" w="321" h="410" x="24.025101" y="-114.744110">
   <element name="cutstone01" layername="cutston" frame="0" z_index="1" m_a="0.955472" m_b="-0.295082" m_c="0.295082" m_d="0.955472" m_tx="5.171799" m_ty="5.952213"/>
  </frame>
  <frame idx="250" w="323" h="429" x="26.572876" y="-121.782791">
   <element name="cutstone01" layername="cutston" frame="0" z_index="1" m_a="0.937444" m_b="-0.348135" m_c="0.348135" m_d="0.937444" m_tx="5.263930" m_ty="7.796230"/>
  </frame>
  <frame idx="275" w="318" h="384" x="21.119949" y="-100.254616">
   <element name="cutstone01" layername="cutston" frame="0" z_index="1" m_a="0.967206" m_b="-0.253995" m_c="0.253995" m_d="0.967206" m_tx="4.471447" m_ty="13.768452"/>
  </frame>
  <frame idx="300" w="313" h="336" x="14.155746" y="-79.261833">
   <element name="cutstone01" layername="cutston" frame="0" z_index="1" m_a="0.987538" m_b="-0.157379" m_c="0.157379" m_d="0.987538" m_tx="3.678963" m_ty="19.740675"/>
  </frame>
 </anim>
</Anims>
