<Anims>
 <anim name="fx_0" root="warly_sky_pie_inspire_buff" numframes="1625" framerate="40">
  <frame idx="0" w="103" h="139" x="-15.456131" y="-13.047791">
   <element name="fx_icon" layername="fx_icon" frame="0" z_index="1" m_a="0.885986" m_b="0.180063" m_c="-0.320506" m_d="1.577025" m_tx="0.000000" m_ty="-28.740000"/>
  </frame>
  <frame idx="25" w="99" h="151" x="-10.695408" y="-23.104969">
   <element name="fx_icon" layername="fx_icon" frame="0" z_index="1" m_a="0.899909" m_b="0.187455" m_c="-0.329269" m_d="1.580714" m_tx="4.595588" m_ty="-39.151764"/>
  </frame>
  <frame idx="50" w="96" h="163" x="-6.267117" y="-33.259487">
   <element name="fx_icon" layername="fx_icon" frame="0" z_index="1" m_a="0.917494" m_b="0.197046" m_c="-0.340473" m_d="1.585320" m_tx="8.819697" m_ty="-49.760605"/>
  </frame>
  <frame idx="75" w="95" h="175" x="-2.628361" y="-43.421860">
   <element name="fx_icon" layername="fx_icon" frame="0" z_index="1" m_a="0.938796" m_b="0.209036" m_c="-0.354219" m_d="1.590822" m_tx="12.216667" m_ty="-60.482727"/>
  </frame>
  <frame idx="100" w="95" h="189" x="-0.270576" y="-53.484150">
   <element name="fx_icon" layername="fx_icon" frame="0" z_index="1" m_a="0.963611" m_b="0.223512" m_c="-0.370458" m_d="1.597126" m_tx="14.300000" m_ty="-71.209999"/>
  </frame>
  <frame idx="125" w="99" h="201" x="-0.879147" y="-63.100166">
   <element name="fx_icon" layername="fx_icon" frame="0" z_index="1" m_a="0.992630" m_b="0.241157" m_c="-0.389772" m_d="1.604349" m_tx="13.380882" m_ty="-81.621765"/>
  </frame>
  <frame idx="150" w="105" h="213" x="-3.019505" y="-72.797104">
   <element name="fx_icon" layername="fx_icon" frame="0" z_index="1" m_a="1.025171" m_b="0.261905" m_c="-0.411889" m_d="1.612249" m_tx="10.906970" m_ty="-92.235458"/>
  </frame>
  <frame idx="175" w="114" h="226" x="-6.525795" y="-82.485153">
   <element name="fx_icon" layername="fx_icon" frame="0" z_index="1" m_a="1.060972" m_b="0.285940" m_c="-0.436789" m_d="1.620690" m_tx="7.051818" m_ty="-102.962730"/>
  </frame>
  <frame idx="200" w="124" h="239" x="-11.104351" y="-92.057510">
   <element name="fx_icon" layername="fx_icon" frame="0" z_index="1" m_a="1.099481" m_b="0.313258" m_c="-0.464258" m_d="1.629463" m_tx="2.120000" m_ty="-113.690002"/>
  </frame>
  <frame idx="225" w="134" h="252" x="-15.969696" y="-101.191757">
   <element name="fx_icon" layername="fx_icon" frame="0" z_index="1" m_a="1.140349" m_b="0.344006" m_c="-0.494254" m_d="1.638408" m_tx="-3.093235" m_ty="-124.094406"/>
  </frame>
  <frame idx="250" w="143" h="266" x="-20.245094" y="-110.407822">
   <element name="fx_icon" layername="fx_icon" frame="0" z_index="1" m_a="1.183549" m_b="0.378577" m_c="-0.526957" m_d="1.647430" m_tx="-7.704545" m_ty="-134.705460"/>
  </frame>
  <frame idx="275" w="153" h="279" x="-23.646400" y="-119.624619">
   <element name="fx_icon" layername="fx_icon" frame="0" z_index="1" m_a="1.228441" m_b="0.416909" m_c="-0.562117" m_d="1.656300" m_tx="-11.417273" m_ty="-145.432724"/>
  </frame>
  <frame idx="300" w="161" h="292" x="-25.895065" y="-128.745834">
   <element name="fx_icon" layername="fx_icon" frame="0" z_index="1" m_a="1.274138" m_b="0.458643" m_c="-0.599250" m_d="1.664756" m_tx="-13.940000" m_ty="-156.160004"/>
  </frame>
  <frame idx="325" w="168" h="305" x="-26.098061" y="-137.504608">
   <element name="fx_icon" layername="fx_icon" frame="0" z_index="1" m_a="1.319097" m_b="0.502588" m_c="-0.637225" m_d="1.672468" m_tx="-14.366470" m_ty="-166.571777"/>
  </frame>
  <frame idx="350" w="165" h="318" x="-21.613670" y="-147.205933">
   <element name="fx_icon" layername="fx_icon" frame="0" z_index="1" m_a="1.396119" m_b="0.492619" m_c="-0.603706" m_d="1.710946" m_tx="-13.419394" m_ty="-177.185455"/>
  </frame>
  <frame idx="375" w="158" h="330" x="-13.819664" y="-157.747864">
   <element name="fx_icon" layername="fx_icon" frame="0" z_index="1" m_a="1.490341" m_b="0.445196" m_c="-0.526970" m_d="1.764086" m_tx="-11.096061" m_ty="-187.910294"/>
  </frame>
  <frame idx="400" w="149" h="341" x="-4.731415" y="-168.650330">
   <element name="fx_icon" layername="fx_icon" frame="0" z_index="1" m_a="1.582073" m_b="0.390352" m_c="-0.447383" m_d="1.813219" m_tx="-7.490000" m_ty="-198.630005"/>
  </frame>
  <frame idx="425" w="139" h="352" x="4.995766" y="-179.553223">
   <element name="fx_icon" layername="fx_icon" frame="0" z_index="1" m_a="1.664484" m_b="0.333121" m_c="-0.371271" m_d="1.855101" m_tx="-2.835588" m_ty="-209.041763"/>
  </frame>
  <frame idx="450" w="128" h="363" x="14.844513" y="-190.929749">
   <element name="fx_icon" layername="fx_icon" frame="0" z_index="1" m_a="1.741296" m_b="0.272271" m_c="-0.295853" m_d="1.892115" m_tx="2.141819" m_ty="-219.655457"/>
  </frame>
  <frame idx="475" w="117" h="374" x="24.405289" y="-202.624969">
   <element name="fx_icon" layername="fx_icon" frame="0" z_index="1" m_a="1.810632" m_b="0.210403" m_c="-0.223546" m_d="1.923733" m_tx="7.170000" m_ty="-230.382721"/>
  </frame>
  <frame idx="500" w="107" h="384" x="33.218071" y="-214.434784">
   <element name="fx_icon" layername="fx_icon" frame="0" z_index="1" m_a="1.870955" m_b="0.150566" m_c="-0.156907" m_d="1.949741" m_tx="11.920000" m_ty="-241.110001"/>
  </frame>
  <frame idx="525" w="99" h="395" x="39.823677" y="-225.826111">
   <element name="fx_icon" layername="fx_icon" frame="0" z_index="1" m_a="1.916374" m_b="0.101379" m_c="-0.104126" m_d="1.968318" m_tx="15.383235" m_ty="-251.521774"/>
  </frame>
  <frame idx="550" w="93" h="405" x="44.866020" y="-237.348022">
   <element name="fx_icon" layername="fx_icon" frame="0" z_index="1" m_a="1.953335" m_b="0.058414" m_c="-0.059294" m_d="1.982748" m_tx="17.808182" m_ty="-262.130615"/>
  </frame>
  <frame idx="575" w="90" h="416" x="48.102055" y="-248.835770">
   <element name="fx_icon" layername="fx_icon" frame="0" z_index="1" m_a="1.981276" m_b="0.024022" m_c="-0.024167" m_d="1.993214" m_tx="19.026060" m_ty="-272.852722"/>
  </frame>
  <frame idx="600" w="87" h="428" x="49.368568" y="-260.114624">
   <element name="fx_icon" layername="fx_icon" frame="0" z_index="1" m_a="2.000000" m_b="-0.000002" m_c="0.000002" m_d="2.000000" m_tx="18.920000" m_ty="-283.579987"/>
  </frame>
  <frame idx="625" w="91" h="442" x="48.095112" y="-271.156158">
   <element name="fx_icon" layername="fx_icon" frame="0" z_index="1" m_a="1.999904" m_b="-0.019585" m_c="0.019585" m_d="1.999904" m_tx="17.022942" m_ty="-293.991760"/>
  </frame>
  <frame idx="650" w="94" h="456" x="46.052223" y="-282.608826">
   <element name="fx_icon" layername="fx_icon" frame="0" z_index="1" m_a="1.999485" m_b="-0.045385" m_c="0.045385" m_d="1.999485" m_tx="14.167879" m_ty="-304.605438"/>
  </frame>
  <frame idx="675" w="99" h="471" x="43.393055" y="-294.398499">
   <element name="fx_icon" layername="fx_icon" frame="0" z_index="1" m_a="1.998494" m_b="-0.077594" m_c="0.077594" m_d="1.998494" m_tx="10.509697" m_ty="-315.332733"/>
  </frame>
  <frame idx="700" w="105" h="487" x="40.342419" y="-306.413940">
   <element name="fx_icon" layername="fx_icon" frame="0" z_index="1" m_a="1.996634" m_b="-0.115988" m_c="0.115988" m_d="1.996634" m_tx="6.290000" m_ty="-326.059998"/>
  </frame>
  <frame idx="725" w="112" h="503" x="37.552773" y="-318.394714">
   <element name="fx_icon" layername="fx_icon" frame="0" z_index="1" m_a="1.993442" m_b="-0.161829" m_c="0.161829" m_d="1.993442" m_tx="2.135588" m_ty="-336.471771"/>
  </frame>
  <frame idx="750" w="118" h="520" x="34.862202" y="-330.822815">
   <element name="fx_icon" layername="fx_icon" frame="0" z_index="1" m_a="1.988542" m_b="-0.213780" m_c="0.213780" m_d="1.988542" m_tx="-2.060606" m_ty="-347.080597"/>
  </frame>
  <frame idx="775" w="124" h="537" x="32.556450" y="-343.613708">
   <element name="fx_icon" layername="fx_icon" frame="0" z_index="1" m_a="1.981501" m_b="-0.271389" m_c="0.271389" m_d="1.981501" m_tx="-5.984545" m_ty="-357.802734"/>
  </frame>
  <frame idx="800" w="129" h="556" x="30.949673" y="-356.639954">
   <element name="fx_icon" layername="fx_icon" frame="0" z_index="1" m_a="1.971965" m_b="-0.333696" m_c="0.333696" m_d="1.971965" m_tx="-9.280000" m_ty="-368.529999"/>
  </frame>
  <frame idx="825" w="134" h="574" x="30.374912" y="-369.548615">
   <element name="fx_icon" layername="fx_icon" frame="0" z_index="1" m_a="1.959702" m_b="-0.399459" m_c="0.399459" m_d="1.959702" m_tx="-11.566765" m_ty="-378.941772"/>
  </frame>
  <frame idx="850" w="138" h="592" x="30.362431" y="-382.861572">
   <element name="fx_icon" layername="fx_icon" frame="0" z_index="1" m_a="1.944360" m_b="-0.468471" m_c="0.468471" m_d="1.944360" m_tx="-13.296667" m_ty="-389.555450"/>
  </frame>
  <frame idx="875" w="139" h="605" x="29.903770" y="-394.363159">
   <element name="fx_icon" layername="fx_icon" frame="0" z_index="1" m_a="1.939579" m_b="-0.487886" m_c="0.487886" m_d="1.939579" m_tx="-14.223637" m_ty="-400.282745"/>
  </frame>
  <frame idx="900" w="137" h="609" x="27.791698" y="-401.556458">
   <element name="fx_icon" layername="fx_icon" frame="0" z_index="1" m_a="1.960021" m_b="-0.397891" m_c="0.397891" m_d="1.960021" m_tx="-14.110000" m_ty="-411.010010"/>
  </frame>
  <frame idx="925" w="132" h="612" x="27.349178" y="-408.758972">
   <element name="fx_icon" layername="fx_icon" frame="0" z_index="1" m_a="1.975333" m_b="-0.313143" m_c="0.313143" m_d="1.975333" m_tx="-12.330587" m_ty="-421.414429"/>
  </frame>
  <frame idx="950" w="127" h="615" x="27.930176" y="-416.425720">
   <element name="fx_icon" layername="fx_icon" frame="0" z_index="1" m_a="1.986467" m_b="-0.232269" m_c="0.232269" m_d="1.986467" m_tx="-9.517879" m_ty="-432.025452"/>
  </frame>
  <frame idx="975" w="120" h="620" x="29.451931" y="-424.551758">
   <element name="fx_icon" layername="fx_icon" frame="0" z_index="1" m_a="1.993730" m_b="-0.158242" m_c="0.158242" m_d="1.993730" m_tx="-5.859697" m_ty="-442.752747"/>
  </frame>
  <frame idx="1000" w="114" h="624" x="31.747318" y="-433.094971">
   <element name="fx_icon" layername="fx_icon" frame="0" z_index="1" m_a="1.997787" m_b="-0.094050" m_c="0.094050" m_d="1.997787" m_tx="-1.640000" m_ty="-453.480011"/>
  </frame>
  <frame idx="1025" w="107" h="632" x="34.727829" y="-442.032074">
   <element name="fx_icon" layername="fx_icon" frame="0" z_index="1" m_a="1.999386" m_b="-0.049563" m_c="0.049563" m_d="1.999386" m_tx="2.712941" m_ty="-463.891785"/>
  </frame>
  <frame idx="1050" w="102" h="640" x="37.737240" y="-451.590546">
   <element name="fx_icon" layername="fx_icon" frame="0" z_index="1" m_a="1.999925" m_b="-0.017279" m_c="0.017279" m_d="1.999925" m_tx="6.738182" m_ty="-474.500610"/>
  </frame>
  <frame idx="1075" w="98" h="651" x="39.440735" y="-461.273621">
   <element name="fx_icon" layername="fx_icon" frame="0" z_index="1" m_a="1.983323" m_b="0.021895" m_c="-0.022004" m_d="1.993223" m_tx="10.230000" m_ty="-485.222748"/>
  </frame>
  <frame idx="1100" w="101" h="664" x="38.305824" y="-470.614807">
   <element name="fx_icon" layername="fx_icon" frame="0" z_index="1" m_a="1.929706" m_b="0.087931" m_c="-0.089790" m_d="1.970501" m_tx="12.980000" m_ty="-495.950012"/>
  </frame>
  <frame idx="1125" w="106" h="677" x="34.203079" y="-479.395264">
   <element name="fx_icon" layername="fx_icon" frame="0" z_index="1" m_a="1.850548" m_b="0.174790" m_c="-0.182731" m_d="1.934619" m_tx="14.384412" m_ty="-506.361755"/>
  </frame>
  <frame idx="1150" w="114" h="690" x="27.878151" y="-488.524536">
   <element name="fx_icon" layername="fx_icon" frame="0" z_index="1" m_a="1.748579" m_b="0.270980" m_c="-0.292094" m_d="1.884818" m_tx="14.822122" m_ty="-516.975464"/>
  </frame>
  <frame idx="1175" w="123" h="703" x="19.398563" y="-498.123505">
   <element name="fx_icon" layername="fx_icon" frame="0" z_index="1" m_a="1.623282" m_b="0.369119" m_c="-0.413575" m_d="1.818784" m_tx="14.239411" m_ty="-527.601807"/>
  </frame>
  <frame idx="1200" w="134" h="714" x="9.038864" y="-508.281982">
   <element name="fx_icon" layername="fx_icon" frame="0" z_index="1" m_a="1.476800" m_b="0.460337" m_c="-0.540971" m_d="1.735481" m_tx="12.643824" m_ty="-538.013550"/>
  </frame>
  <frame idx="1225" w="123" h="722" x="5.351650" y="-523.305237">
   <element name="fx_icon" layername="fx_icon" frame="0" z_index="1" m_a="1.358666" m_b="0.358309" m_c="-0.449022" m_d="1.702639" m_tx="9.794545" m_ty="-548.720947"/>
  </frame>
  <frame idx="1250" w="110" h="729" x="1.019924" y="-538.639771">
   <element name="fx_icon" layername="fx_icon" frame="0" z_index="1" m_a="1.224301" m_b="0.253576" m_c="-0.344503" m_d="1.663307" m_tx="6.417879" m_ty="-559.445435"/>
  </frame>
  <frame idx="1275" w="98" h="735" x="-4.249321" y="-553.841919">
   <element name="fx_icon" layername="fx_icon" frame="0" z_index="1" m_a="1.073764" m_b="0.159169" m_c="-0.239358" m_d="1.614720" m_tx="2.601177" m_ty="-570.071777"/>
  </frame>
  <frame idx="1300" w="86" h="742" x="-10.384102" y="-568.618042">
   <element name="fx_icon" layername="fx_icon" frame="0" z_index="1" m_a="0.910464" m_b="0.080106" m_c="-0.137025" m_d="1.557398" m_tx="-1.582647" m_ty="-580.483582"/>
  </frame>
  <frame idx="1325" w="90" h="753" x="-14.470966" y="-579.498291">
   <element name="fx_icon" layername="fx_icon" frame="0" z_index="1" m_a="0.903816" m_b="0.077357" m_c="-0.133089" m_d="1.554971" m_tx="-5.582727" m_ty="-591.198181"/>
  </frame>
  <frame idx="1350" w="92" h="724" x="-15.867702" y="-552.923828">
   <element name="fx_icon" layername="fx_icon" frame="0" z_index="1" m_a="0.903163" m_b="0.082890" m_c="-0.142870" m_d="1.556706" m_tx="-6.645600" m_ty="-564.856262"/>
  </frame>
  <frame idx="1375" w="93" h="674" x="-15.808281" y="-505.371307">
   <element name="fx_icon" layername="fx_icon" frame="0" z_index="1" m_a="0.902076" m_b="0.091525" m_c="-0.158207" m_d="1.559294" m_tx="-6.060600" m_ty="-517.662903"/>
  </frame>
  <frame idx="1400" w="94" h="622" x="-15.753487" y="-457.824127">
   <element name="fx_icon" layername="fx_icon" frame="0" z_index="1" m_a="0.900906" m_b="0.100147" m_c="-0.173606" m_d="1.561730" m_tx="-5.475600" m_ty="-470.469604"/>
  </frame>
  <frame idx="1425" w="95" h="570" x="-15.703289" y="-410.282227">
   <element name="fx_icon" layername="fx_icon" frame="0" z_index="1" m_a="0.899654" m_b="0.108755" m_c="-0.189066" m_d="1.564014" m_tx="-4.890600" m_ty="-423.276245"/>
  </frame>
  <frame idx="1450" w="96" h="519" x="-15.657631" y="-362.745789">
   <element name="fx_icon" layername="fx_icon" frame="0" z_index="1" m_a="0.898319" m_b="0.117348" m_c="-0.204586" m_d="1.566145" m_tx="-4.305600" m_ty="-376.082947"/>
  </frame>
  <frame idx="1475" w="97" h="467" x="-15.616493" y="-315.214661">
   <element name="fx_icon" layername="fx_icon" frame="0" z_index="1" m_a="0.896903" m_b="0.125926" m_c="-0.220165" m_d="1.568121" m_tx="-3.720600" m_ty="-328.889587"/>
  </frame>
  <frame idx="1500" w="97" h="415" x="-15.579765" y="-267.689087">
   <element name="fx_icon" layername="fx_icon" frame="0" z_index="1" m_a="0.895404" m_b="0.134487" m_c="-0.235801" m_d="1.569943" m_tx="-3.135600" m_ty="-281.696259"/>
  </frame>
  <frame idx="1525" w="98" h="363" x="-15.547386" y="-220.169083">
   <element name="fx_icon" layername="fx_icon" frame="0" z_index="1" m_a="0.893824" m_b="0.143030" m_c="-0.251490" m_d="1.571608" m_tx="-2.550600" m_ty="-234.502930"/>
  </frame>
  <frame idx="1550" w="99" h="313" x="-15.519356" y="-172.654602">
   <element name="fx_icon" layername="fx_icon" frame="0" z_index="1" m_a="0.892163" m_b="0.151556" m_c="-0.267234" m_d="1.573117" m_tx="-1.965600" m_ty="-187.309570"/>
  </frame>
  <frame idx="1575" w="101" h="261" x="-15.495621" y="-125.145813">
   <element name="fx_icon" layername="fx_icon" frame="0" z_index="1" m_a="0.890420" m_b="0.160064" m_c="-0.283030" m_d="1.574468" m_tx="-1.380600" m_ty="-140.116241"/>
  </frame>
  <frame idx="1600" w="102" h="209" x="-15.476044" y="-77.642776">
   <element name="fx_icon" layername="fx_icon" frame="0" z_index="1" m_a="0.888596" m_b="0.168552" m_c="-0.298876" m_d="1.575660" m_tx="-0.795600" m_ty="-92.922943"/>
  </frame>
 </anim>
</Anims>
