<Anims>
 <anim name="fx_0" root="warly_sky_pie_inspire_buff" numframes="1625" framerate="40">
  <frame idx="0" w="103" h="139" x="-15.456131" y="-13.047791">
   <element name="fx_icon" layername="fx_icon" frame="0" z_index="1" m_a="0.885986" m_b="0.180063" m_c="-0.320506" m_d="1.577025" m_tx="0.000000" m_ty="-28.740000"/>
  </frame>
  <frame idx="25" w="99" h="139" x="-10.695408" y="-12.693203">
   <element name="fx_icon" layername="fx_icon" frame="0" z_index="1" m_a="0.899909" m_b="0.187455" m_c="-0.329269" m_d="1.580714" m_tx="4.595588" m_ty="-28.740000"/>
  </frame>
  <frame idx="50" w="96" h="140" x="-6.267117" y="-12.238880">
   <element name="fx_icon" layername="fx_icon" frame="0" z_index="1" m_a="0.917494" m_b="0.197046" m_c="-0.340473" m_d="1.585320" m_tx="8.819697" m_ty="-28.740000"/>
  </frame>
  <frame idx="75" w="95" h="140" x="-2.628361" y="-11.679131">
   <element name="fx_icon" layername="fx_icon" frame="0" z_index="1" m_a="0.938796" m_b="0.209036" m_c="-0.354219" m_d="1.590822" m_tx="12.216667" m_ty="-28.740000"/>
  </frame>
  <frame idx="100" w="95" h="141" x="-0.270576" y="-11.014145">
   <element name="fx_icon" layername="fx_icon" frame="0" z_index="1" m_a="0.963611" m_b="0.223512" m_c="-0.370458" m_d="1.597126" m_tx="14.300000" m_ty="-28.740000"/>
  </frame>
  <frame idx="125" w="99" h="142" x="-0.879147" y="-10.218399">
   <element name="fx_icon" layername="fx_icon" frame="0" z_index="1" m_a="0.992630" m_b="0.241157" m_c="-0.389772" m_d="1.604349" m_tx="13.380882" m_ty="-28.740000"/>
  </frame>
  <frame idx="150" w="105" h="143" x="-3.019505" y="-9.301640">
   <element name="fx_icon" layername="fx_icon" frame="0" z_index="1" m_a="1.025171" m_b="0.261905" m_c="-0.411889" m_d="1.612249" m_tx="10.906970" m_ty="-28.740000"/>
  </frame>
  <frame idx="175" w="114" h="145" x="-6.525795" y="-8.262417">
   <element name="fx_icon" layername="fx_icon" frame="0" z_index="1" m_a="1.060972" m_b="0.285940" m_c="-0.436789" m_d="1.620690" m_tx="7.051818" m_ty="-28.740000"/>
  </frame>
  <frame idx="200" w="124" h="146" x="-11.104351" y="-7.107506">
   <element name="fx_icon" layername="fx_icon" frame="0" z_index="1" m_a="1.099481" m_b="0.313258" m_c="-0.464258" m_d="1.629463" m_tx="2.120000" m_ty="-28.740000"/>
  </frame>
  <frame idx="225" w="134" h="147" x="-15.969696" y="-5.837349">
   <element name="fx_icon" layername="fx_icon" frame="0" z_index="1" m_a="1.140349" m_b="0.344006" m_c="-0.494254" m_d="1.638408" m_tx="-3.093235" m_ty="-28.740000"/>
  </frame>
  <frame idx="250" w="143" h="149" x="-20.245094" y="-4.442352">
   <element name="fx_icon" layername="fx_icon" frame="0" z_index="1" m_a="1.183549" m_b="0.378577" m_c="-0.526957" m_d="1.647430" m_tx="-7.704545" m_ty="-28.740000"/>
  </frame>
  <frame idx="275" w="153" h="150" x="-23.646400" y="-2.931892">
   <element name="fx_icon" layername="fx_icon" frame="0" z_index="1" m_a="1.228441" m_b="0.416909" m_c="-0.562117" m_d="1.656300" m_tx="-11.417273" m_ty="-28.740000"/>
  </frame>
  <frame idx="300" w="161" h="152" x="-25.895065" y="-1.325829">
   <element name="fx_icon" layername="fx_icon" frame="0" z_index="1" m_a="1.274138" m_b="0.458643" m_c="-0.599250" m_d="1.664756" m_tx="-13.940000" m_ty="-28.740000"/>
  </frame>
  <frame idx="325" w="168" h="153" x="-26.098061" y="0.327171">
   <element name="fx_icon" layername="fx_icon" frame="0" z_index="1" m_a="1.319097" m_b="0.502588" m_c="-0.637225" m_d="1.672468" m_tx="-14.366470" m_ty="-28.740000"/>
  </frame>
  <frame idx="350" w="165" h="154" x="-21.613670" y="1.239525">
   <element name="fx_icon" layername="fx_icon" frame="0" z_index="1" m_a="1.396119" m_b="0.492619" m_c="-0.603706" m_d="1.710946" m_tx="-13.419394" m_ty="-28.740000"/>
  </frame>
  <frame idx="375" w="158" h="154" x="-13.819664" y="1.422432">
   <element name="fx_icon" layername="fx_icon" frame="0" z_index="1" m_a="1.490341" m_b="0.445196" m_c="-0.526970" m_d="1.764086" m_tx="-11.096061" m_ty="-28.740000"/>
  </frame>
  <frame idx="400" w="149" h="154" x="-4.731415" y="1.239670">
   <element name="fx_icon" layername="fx_icon" frame="0" z_index="1" m_a="1.582073" m_b="0.390352" m_c="-0.447383" m_d="1.813219" m_tx="-7.490000" m_ty="-28.740000"/>
  </frame>
  <frame idx="425" w="139" h="154" x="4.995766" y="0.748543">
   <element name="fx_icon" layername="fx_icon" frame="0" z_index="1" m_a="1.664484" m_b="0.333121" m_c="-0.371271" m_d="1.855101" m_tx="-2.835588" m_ty="-28.740000"/>
  </frame>
  <frame idx="450" w="128" h="153" x="14.844513" y="-0.014259">
   <element name="fx_icon" layername="fx_icon" frame="0" z_index="1" m_a="1.741296" m_b="0.272271" m_c="-0.295853" m_d="1.892115" m_tx="2.141819" m_ty="-28.740000"/>
  </frame>
  <frame idx="475" w="117" h="152" x="24.405289" y="-0.982254">
   <element name="fx_icon" layername="fx_icon" frame="0" z_index="1" m_a="1.810632" m_b="0.210403" m_c="-0.223546" m_d="1.923733" m_tx="7.170000" m_ty="-28.740000"/>
  </frame>
  <frame idx="500" w="107" h="151" x="33.218071" y="-2.064774">
   <element name="fx_icon" layername="fx_icon" frame="0" z_index="1" m_a="1.870955" m_b="0.150566" m_c="-0.156907" m_d="1.949741" m_tx="11.920000" m_ty="-28.740000"/>
  </frame>
  <frame idx="525" w="99" h="150" x="39.823677" y="-3.044296">
   <element name="fx_icon" layername="fx_icon" frame="0" z_index="1" m_a="1.916374" m_b="0.101379" m_c="-0.104126" m_d="1.968318" m_tx="15.383235" m_ty="-28.740000"/>
  </frame>
  <frame idx="550" w="93" h="149" x="44.866020" y="-3.957390">
   <element name="fx_icon" layername="fx_icon" frame="0" z_index="1" m_a="1.953335" m_b="0.058414" m_c="-0.059294" m_d="1.982748" m_tx="17.808182" m_ty="-28.740000"/>
  </frame>
  <frame idx="575" w="90" h="148" x="48.102055" y="-4.723030">
   <element name="fx_icon" layername="fx_icon" frame="0" z_index="1" m_a="1.981276" m_b="0.024022" m_c="-0.024167" m_d="1.993214" m_tx="19.026060" m_ty="-28.740000"/>
  </frame>
  <frame idx="600" w="87" h="148" x="49.368568" y="-5.274643">
   <element name="fx_icon" layername="fx_icon" frame="0" z_index="1" m_a="2.000000" m_b="-0.000002" m_c="0.000002" m_d="2.000000" m_tx="18.920000" m_ty="-28.740000"/>
  </frame>
  <frame idx="625" w="91" h="150" x="48.095112" y="-5.904388">
   <element name="fx_icon" layername="fx_icon" frame="0" z_index="1" m_a="1.999904" m_b="-0.019585" m_c="0.019585" m_d="1.999904" m_tx="17.022942" m_ty="-28.740000"/>
  </frame>
  <frame idx="650" w="94" h="152" x="46.052223" y="-6.743378">
   <element name="fx_icon" layername="fx_icon" frame="0" z_index="1" m_a="1.999485" m_b="-0.045385" m_c="0.045385" m_d="1.999485" m_tx="14.167879" m_ty="-28.740000"/>
  </frame>
  <frame idx="675" w="99" h="156" x="43.393055" y="-7.805794">
   <element name="fx_icon" layername="fx_icon" frame="0" z_index="1" m_a="1.998494" m_b="-0.077594" m_c="0.077594" m_d="1.998494" m_tx="10.509697" m_ty="-28.740000"/>
  </frame>
  <frame idx="700" w="105" h="160" x="40.342419" y="-9.093925">
   <element name="fx_icon" layername="fx_icon" frame="0" z_index="1" m_a="1.996634" m_b="-0.115988" m_c="0.115988" m_d="1.996634" m_tx="6.290000" m_ty="-28.740000"/>
  </frame>
  <frame idx="725" w="112" h="164" x="37.552773" y="-10.662979">
   <element name="fx_icon" layername="fx_icon" frame="0" z_index="1" m_a="1.993442" m_b="-0.161829" m_c="0.161829" m_d="1.993442" m_tx="2.135588" m_ty="-28.740000"/>
  </frame>
  <frame idx="750" w="118" h="170" x="34.862202" y="-12.482216">
   <element name="fx_icon" layername="fx_icon" frame="0" z_index="1" m_a="1.988542" m_b="-0.213780" m_c="0.213780" m_d="1.988542" m_tx="-2.060606" m_ty="-28.740000"/>
  </frame>
  <frame idx="775" w="124" h="175" x="32.556450" y="-14.550980">
   <element name="fx_icon" layername="fx_icon" frame="0" z_index="1" m_a="1.981501" m_b="-0.271389" m_c="0.271389" m_d="1.981501" m_tx="-5.984545" m_ty="-28.740000"/>
  </frame>
  <frame idx="800" w="129" h="182" x="30.949673" y="-16.849983">
   <element name="fx_icon" layername="fx_icon" frame="0" z_index="1" m_a="1.971965" m_b="-0.333696" m_c="0.333696" m_d="1.971965" m_tx="-9.280000" m_ty="-28.740000"/>
  </frame>
  <frame idx="825" w="134" h="189" x="30.374912" y="-19.346817">
   <element name="fx_icon" layername="fx_icon" frame="0" z_index="1" m_a="1.959702" m_b="-0.399459" m_c="0.399459" m_d="1.959702" m_tx="-11.566765" m_ty="-28.740000"/>
  </frame>
  <frame idx="850" w="138" h="195" x="30.362431" y="-22.046158">
   <element name="fx_icon" layername="fx_icon" frame="0" z_index="1" m_a="1.944360" m_b="-0.468471" m_c="0.468471" m_d="1.944360" m_tx="-13.296667" m_ty="-28.740000"/>
  </frame>
  <frame idx="875" w="139" h="197" x="29.903770" y="-22.820435">
   <element name="fx_icon" layername="fx_icon" frame="0" z_index="1" m_a="1.939579" m_b="-0.487886" m_c="0.487886" m_d="1.939579" m_tx="-14.223637" m_ty="-28.740000"/>
  </frame>
  <frame idx="900" w="137" h="189" x="27.791698" y="-19.286423">
   <element name="fx_icon" layername="fx_icon" frame="0" z_index="1" m_a="1.960021" m_b="-0.397891" m_c="0.397891" m_d="1.960021" m_tx="-14.110000" m_ty="-28.740000"/>
  </frame>
  <frame idx="925" w="132" h="180" x="27.349178" y="-16.084518">
   <element name="fx_icon" layername="fx_icon" frame="0" z_index="1" m_a="1.975333" m_b="-0.313143" m_c="0.313143" m_d="1.975333" m_tx="-12.330587" m_ty="-28.740000"/>
  </frame>
  <frame idx="950" w="127" h="172" x="27.930176" y="-13.140236">
   <element name="fx_icon" layername="fx_icon" frame="0" z_index="1" m_a="1.986467" m_b="-0.232269" m_c="0.232269" m_d="1.986467" m_tx="-9.517879" m_ty="-28.740000"/>
  </frame>
  <frame idx="975" w="120" h="164" x="29.451931" y="-10.538979">
   <element name="fx_icon" layername="fx_icon" frame="0" z_index="1" m_a="1.993730" m_b="-0.158242" m_c="0.158242" m_d="1.993730" m_tx="-5.859697" m_ty="-28.740000"/>
  </frame>
  <frame idx="1000" w="114" h="158" x="31.747318" y="-8.354996">
   <element name="fx_icon" layername="fx_icon" frame="0" z_index="1" m_a="1.997787" m_b="-0.094050" m_c="0.094050" m_d="1.997787" m_tx="-1.640000" m_ty="-28.740000"/>
  </frame>
  <frame idx="1025" w="107" h="153" x="34.727829" y="-6.880264">
   <element name="fx_icon" layername="fx_icon" frame="0" z_index="1" m_a="1.999386" m_b="-0.049563" m_c="0.049563" m_d="1.999386" m_tx="2.712941" m_ty="-28.740000"/>
  </frame>
  <frame idx="1050" w="102" h="149" x="37.737240" y="-5.829910">
   <element name="fx_icon" layername="fx_icon" frame="0" z_index="1" m_a="1.999925" m_b="-0.017279" m_c="0.017279" m_d="1.999925" m_tx="6.738182" m_ty="-28.740000"/>
  </frame>
  <frame idx="1075" w="98" h="148" x="39.440735" y="-4.790825">
   <element name="fx_icon" layername="fx_icon" frame="0" z_index="1" m_a="1.983323" m_b="0.021895" m_c="-0.022004" m_d="1.993223" m_tx="10.230000" m_ty="-28.740000"/>
  </frame>
  <frame idx="1100" w="101" h="150" x="38.305824" y="-3.404762">
   <element name="fx_icon" layername="fx_icon" frame="0" z_index="1" m_a="1.929706" m_b="0.087931" m_c="-0.089790" m_d="1.970501" m_tx="12.980000" m_ty="-28.740000"/>
  </frame>
  <frame idx="1125" w="106" h="151" x="34.203079" y="-1.773491">
   <element name="fx_icon" layername="fx_icon" frame="0" z_index="1" m_a="1.850548" m_b="0.174790" m_c="-0.182731" m_d="1.934619" m_tx="14.384412" m_ty="-28.740000"/>
  </frame>
  <frame idx="1150" w="114" h="153" x="27.878151" y="-0.289055">
   <element name="fx_icon" layername="fx_icon" frame="0" z_index="1" m_a="1.748579" m_b="0.270980" m_c="-0.292094" m_d="1.884818" m_tx="14.822122" m_ty="-28.740000"/>
  </frame>
  <frame idx="1175" w="123" h="154" x="19.398563" y="0.738319">
   <element name="fx_icon" layername="fx_icon" frame="0" z_index="1" m_a="1.623282" m_b="0.369119" m_c="-0.413575" m_d="1.818784" m_tx="14.239411" m_ty="-28.740000"/>
  </frame>
  <frame idx="1200" w="134" h="154" x="9.038864" y="0.991600">
   <element name="fx_icon" layername="fx_icon" frame="0" z_index="1" m_a="1.476800" m_b="0.460337" m_c="-0.540971" m_d="1.735481" m_tx="12.643824" m_ty="-28.740000"/>
  </frame>
  <frame idx="1225" w="123" h="150" x="5.351650" y="-3.324257">
   <element name="fx_icon" layername="fx_icon" frame="0" z_index="1" m_a="1.358666" m_b="0.358309" m_c="-0.449022" m_d="1.702639" m_tx="9.794545" m_ty="-28.740000"/>
  </frame>
  <frame idx="1250" w="110" h="145" x="1.019924" y="-7.934311">
   <element name="fx_icon" layername="fx_icon" frame="0" z_index="1" m_a="1.224301" m_b="0.253576" m_c="-0.344503" m_d="1.663307" m_tx="6.417879" m_ty="-28.740000"/>
  </frame>
  <frame idx="1275" w="98" h="140" x="-4.249321" y="-12.510139">
   <element name="fx_icon" layername="fx_icon" frame="0" z_index="1" m_a="1.073764" m_b="0.159169" m_c="-0.239358" m_d="1.614720" m_tx="2.601177" m_ty="-28.740000"/>
  </frame>
  <frame idx="1300" w="86" h="135" x="-10.384102" y="-16.874485">
   <element name="fx_icon" layername="fx_icon" frame="0" z_index="1" m_a="0.910464" m_b="0.080106" m_c="-0.137025" m_d="1.557398" m_tx="-1.582647" m_ty="-28.740000"/>
  </frame>
  <frame idx="1325" w="90" h="135" x="-14.470966" y="-17.040100">
   <element name="fx_icon" layername="fx_icon" frame="0" z_index="1" m_a="0.903816" m_b="0.077357" m_c="-0.133089" m_d="1.554971" m_tx="-5.582727" m_ty="-28.740000"/>
  </frame>
  <frame idx="1350" w="92" h="135" x="-15.867702" y="-16.807526">
   <element name="fx_icon" layername="fx_icon" frame="0" z_index="1" m_a="0.903163" m_b="0.082890" m_c="-0.142870" m_d="1.556706" m_tx="-6.645600" m_ty="-28.740000"/>
  </frame>
  <frame idx="1375" w="93" h="136" x="-15.808281" y="-16.448387">
   <element name="fx_icon" layername="fx_icon" frame="0" z_index="1" m_a="0.902076" m_b="0.091525" m_c="-0.158207" m_d="1.559294" m_tx="-6.060600" m_ty="-28.740000"/>
  </frame>
  <frame idx="1400" w="94" h="136" x="-15.753487" y="-16.094521">
   <element name="fx_icon" layername="fx_icon" frame="0" z_index="1" m_a="0.900906" m_b="0.100147" m_c="-0.173606" m_d="1.561730" m_tx="-5.475600" m_ty="-28.740000"/>
  </frame>
  <frame idx="1425" w="95" h="136" x="-15.703289" y="-15.745979">
   <element name="fx_icon" layername="fx_icon" frame="0" z_index="1" m_a="0.899654" m_b="0.108755" m_c="-0.189066" m_d="1.564014" m_tx="-4.890600" m_ty="-28.740000"/>
  </frame>
  <frame idx="1450" w="96" h="137" x="-15.657631" y="-15.402817">
   <element name="fx_icon" layername="fx_icon" frame="0" z_index="1" m_a="0.898319" m_b="0.117348" m_c="-0.204586" m_d="1.566145" m_tx="-4.305600" m_ty="-28.740000"/>
  </frame>
  <frame idx="1475" w="97" h="137" x="-15.616493" y="-15.065079">
   <element name="fx_icon" layername="fx_icon" frame="0" z_index="1" m_a="0.896903" m_b="0.125926" m_c="-0.220165" m_d="1.568121" m_tx="-3.720600" m_ty="-28.740000"/>
  </frame>
  <frame idx="1500" w="97" h="137" x="-15.579765" y="-14.732834">
   <element name="fx_icon" layername="fx_icon" frame="0" z_index="1" m_a="0.895404" m_b="0.134487" m_c="-0.235801" m_d="1.569943" m_tx="-3.135600" m_ty="-28.740000"/>
  </frame>
  <frame idx="1525" w="98" h="138" x="-15.547386" y="-14.406143">
   <element name="fx_icon" layername="fx_icon" frame="0" z_index="1" m_a="0.893824" m_b="0.143030" m_c="-0.251490" m_d="1.571608" m_tx="-2.550600" m_ty="-28.740000"/>
  </frame>
  <frame idx="1550" w="99" h="138" x="-15.519356" y="-14.085037">
   <element name="fx_icon" layername="fx_icon" frame="0" z_index="1" m_a="0.892163" m_b="0.151556" m_c="-0.267234" m_d="1.573117" m_tx="-1.965600" m_ty="-28.740000"/>
  </frame>
  <frame idx="1575" w="101" h="138" x="-15.495621" y="-13.769577">
   <element name="fx_icon" layername="fx_icon" frame="0" z_index="1" m_a="0.890420" m_b="0.160064" m_c="-0.283030" m_d="1.574468" m_tx="-1.380600" m_ty="-28.740000"/>
  </frame>
  <frame idx="1600" w="102" h="139" x="-15.476044" y="-13.459827">
   <element name="fx_icon" layername="fx_icon" frame="0" z_index="1" m_a="0.888596" m_b="0.168552" m_c="-0.298876" m_d="1.575660" m_tx="-0.795600" m_ty="-28.740000"/>
  </frame>
 </anim>
</Anims>
