<Anims>
 <anim name="idle" root="improv_cooking_power" numframes="425" framerate="40">
  <frame idx="0" w="330" h="368" x="6.147507" y="-36.506409">
   <element name="generic_plate" layername="generic_plate" frame="0" z_index="2" m_a="0.982286" m_b="0.147277" m_c="-0.149491" m_d="0.997056" m_tx="8.450000" m_ty="-6.600000"/>
   <element name="generic_plate" layername="question_mark" frame="1" z_index="1" m_a="1.000000" m_b="0.000000" m_c="0.000000" m_d="1.000000" m_tx="-113.000000" m_ty="-185.000000"/>
  </frame>
  <frame idx="25" w="308" h="379" x="10.223557" y="-59.417603">
   <element name="generic_plate" layername="generic_plate" frame="0" z_index="2" m_a="0.969562" m_b="0.054029" m_c="-0.057909" m_d="1.039191" m_tx="5.802941" m_ty="-17.960293"/>
   <element name="generic_plate" layername="question_mark" frame="1" z_index="1" m_a="0.972720" m_b="0.015830" m_c="-0.016901" m_d="1.038495" m_tx="-109.433823" m_ty="-201.213242"/>
  </frame>
  <frame idx="50" w="295" h="391" x="12.725662" y="-75.671051">
   <element name="generic_plate" layername="generic_plate" frame="0" z_index="2" m_a="0.954112" m_b="-0.012598" m_c="0.014068" m_d="1.065431" m_tx="3.783333" m_ty="-26.486364"/>
   <element name="generic_plate" layername="question_mark" frame="1" z_index="1" m_a="0.954112" m_b="-0.012598" m_c="0.014068" m_d="1.065431" m_tx="-109.216667" m_ty="-211.486359"/>
  </frame>
  <frame idx="75" w="300" h="416" x="14.199646" y="-85.575378">
   <element name="generic_plate" layername="generic_plate" frame="0" z_index="2" m_a="0.941811" m_b="-0.054005" m_c="0.061913" m_d="1.079728" m_tx="2.504545" m_ty="-31.903030"/>
   <element name="generic_plate" layername="question_mark" frame="1" z_index="1" m_a="0.941811" m_b="-0.054005" m_c="0.061913" m_d="1.079728" m_tx="-110.495453" m_ty="-216.903030"/>
  </frame>
  <frame idx="100" w="302" h="427" x="15.060547" y="-89.915024">
   <element name="generic_plate" layername="generic_plate" frame="0" z_index="2" m_a="0.936138" m_b="-0.072883" m_c="0.084475" m_d="1.085037" m_tx="2.050000" m_ty="-34.099998"/>
   <element name="generic_plate" layername="question_mark" frame="1" z_index="1" m_a="0.936138" m_b="-0.072883" m_c="0.084475" m_d="1.085037" m_tx="-110.949997" m_ty="-219.100006"/>
  </frame>
  <frame idx="125" w="295" h="400" x="13.421738" y="-79.415451">
   <element name="generic_plate" layername="generic_plate" frame="0" z_index="2" m_a="0.947557" m_b="-0.022687" m_c="0.025725" m_d="1.074424" m_tx="4.292647" m_ty="-29.577942"/>
   <element name="generic_plate" layername="question_mark" frame="1" z_index="1" m_a="0.947557" m_b="-0.022687" m_c="0.025725" m_d="1.074424" m_tx="-108.707352" m_ty="-214.577942"/>
  </frame>
  <frame idx="150" w="317" h="389" x="9.872009" y="-55.545471">
   <element name="generic_plate" layername="generic_plate" frame="0" z_index="2" m_a="0.963808" m_b="0.097293" m_c="-0.104771" m_d="1.037884" m_tx="9.293940" m_ty="-18.907576"/>
   <element name="generic_plate" layername="question_mark" frame="1" z_index="1" m_a="0.963808" m_b="0.097293" m_c="-0.104771" m_d="1.037884" m_tx="-103.706062" m_ty="-203.907578"/>
  </frame>
  <frame idx="175" w="336" h="385" x="7.410110" y="-37.276886">
   <element name="generic_plate" layername="generic_plate" frame="0" z_index="2" m_a="0.972104" m_b="0.180741" m_c="-0.185196" m_d="0.996069" m_tx="12.137878" m_ty="-8.475758"/>
   <element name="generic_plate" layername="question_mark" frame="1" z_index="1" m_a="0.972104" m_b="0.180741" m_c="-0.185196" m_d="0.996069" m_tx="-100.862122" m_ty="-193.475754"/>
  </frame>
  <frame idx="200" w="321" h="371" x="11.766678" y="-45.763733">
   <element name="generic_plate" layername="generic_plate" frame="0" z_index="2" m_a="0.988264" m_b="0.093801" m_c="-0.095239" m_d="1.003410" m_tx="7.100000" m_ty="-5.900000"/>
   <element name="generic_plate" layername="question_mark" frame="1" z_index="1" m_a="0.988264" m_b="0.093801" m_c="-0.095239" m_d="1.003410" m_tx="-105.900002" m_ty="-190.899994"/>
  </frame>
  <frame idx="225" w="310" h="360" x="13.985336" y="-51.850830">
   <element name="generic_plate" layername="generic_plate" frame="0" z_index="2" m_a="0.995148" m_b="0.034776" m_c="-0.035090" m_d="1.004131" m_tx="3.570588" m_ty="-4.135294"/>
   <element name="generic_plate" layername="question_mark" frame="1" z_index="1" m_a="0.995148" m_b="0.034776" m_c="-0.035090" m_d="1.004131" m_tx="-109.429413" m_ty="-189.135300"/>
  </frame>
  <frame idx="250" w="304" h="358" x="15.391891" y="-56.576950">
   <element name="generic_plate" layername="generic_plate" frame="0" z_index="2" m_a="0.997893" m_b="-0.009194" m_c="0.009234" m_d="1.002205" m_tx="0.942424" m_ty="-2.796970"/>
   <element name="generic_plate" layername="question_mark" frame="1" z_index="1" m_a="0.997893" m_b="-0.009194" m_c="0.009234" m_d="1.002205" m_tx="-112.057571" m_ty="-187.796967"/>
  </frame>
  <frame idx="275" w="310" h="369" x="16.449585" y="-59.801773">
   <element name="generic_plate" layername="generic_plate" frame="0" z_index="2" m_a="0.998597" m_b="-0.037668" m_c="0.037718" m_d="0.999902" m_tx="-0.730303" m_ty="-1.965152"/>
   <element name="generic_plate" layername="question_mark" frame="1" z_index="1" m_a="0.998597" m_b="-0.037668" m_c="0.037718" m_d="0.999902" m_tx="-113.730301" m_ty="-186.965149"/>
  </frame>
  <frame idx="300" w="312" h="374" x="17.014816" y="-61.515945">
   <element name="generic_plate" layername="generic_plate" frame="0" z_index="2" m_a="0.998672" m_b="-0.051498" m_c="0.051498" m_d="0.998672" m_tx="-1.450000" m_ty="-1.700000"/>
   <element name="generic_plate" layername="question_mark" frame="1" z_index="1" m_a="0.998672" m_b="-0.051498" m_c="0.051498" m_d="0.998672" m_tx="-114.449997" m_ty="-186.699997"/>
  </frame>
  <frame idx="325" w="308" h="365" x="15.713013" y="-57.810730">
   <element name="generic_plate" layername="generic_plate" frame="0" z_index="2" m_a="0.999486" m_b="-0.029869" m_c="0.029869" m_d="0.999486" m_tx="-0.861765" m_ty="-1.001471"/>
   <element name="generic_plate" layername="question_mark" frame="1" z_index="1" m_a="0.999486" m_b="-0.029869" m_c="0.029869" m_d="0.999486" m_tx="-113.861763" m_ty="-186.001465"/>
  </frame>
  <frame idx="350" w="307" h="357" x="14.715744" y="-55.083008">
   <element name="generic_plate" layername="generic_plate" frame="0" z_index="2" m_a="0.999842" m_b="-0.013654" m_c="0.013654" m_d="0.999842" m_tx="-0.407576" m_ty="-0.507576"/>
   <element name="generic_plate" layername="question_mark" frame="1" z_index="1" m_a="0.999842" m_b="-0.013654" m_c="0.013654" m_d="0.999842" m_tx="-113.407578" m_ty="-185.507568"/>
  </frame>
  <frame idx="375" w="305" h="351" x="14.093033" y="-53.382156">
   <element name="generic_plate" layername="generic_plate" frame="0" z_index="2" m_a="0.999967" m_b="-0.003560" m_c="0.003560" m_d="0.999967" m_tx="-0.113636" m_ty="-0.189394"/>
   <element name="generic_plate" layername="question_mark" frame="1" z_index="1" m_a="0.999967" m_b="-0.003560" m_c="0.003560" m_d="0.999967" m_tx="-113.113640" m_ty="-185.189392"/>
  </frame>
  <frame idx="400" w="305" h="350" x="13.881805" y="-52.705917">
   <element name="generic_plate" layername="generic_plate" frame="0" z_index="2" m_a="1.000000" m_b="0.000000" m_c="0.000000" m_d="1.000000" m_tx="0.000000" m_ty="0.000000"/>
   <element name="generic_plate" layername="question_mark" frame="1" z_index="1" m_a="1.000000" m_b="0.000000" m_c="0.000000" m_d="1.000000" m_tx="-113.000000" m_ty="-185.000000"/>
  </frame>
 </anim>
</Anims>
