<Anims>
 <anim name="close" root="coonfur_sack" numframes="425" framerate="40">
  <frame idx="0" w="554" h="542" x="-115.459473" y="-148.549988">
   <element name="crystalbase" layername="crystalbase" frame="0" z_index="20" m_a="1.032210" m_b="0.000000" m_c="0.000000" m_d="1.035260" m_tx="3.000000" m_ty="2.850000"/>
   <element name="Glow_FX" layername="Glow_FX" frame="0" z_index="21" m_a="0.477254" m_b="-0.003083" m_c="0.001410" m_d="0.218254" m_tx="-0.550000" m_ty="-116.250000"/>
   <element name="parts" layername="parts" frame="2" z_index="22" m_a="1.032210" m_b="0.000000" m_c="0.000000" m_d="1.035260" m_tx="3.000000" m_ty="-4.150000"/>
   <element name="parts" layername="parts" frame="3" z_index="23" m_a="-0.900192" m_b="-0.318757" m_c="0.319707" m_d="-0.902876" m_tx="-102.250000" m_ty="-135.949997"/>
   <element name="parts" layername="parts_2" frame="1" z_index="24" m_a="-0.900192" m_b="-0.318757" m_c="0.319707" m_d="-0.902876" m_tx="-107.449997" m_ty="-119.300003"/>
   <element name="ground" layername="ground" frame="0" z_index="25" m_a="1.392236" m_b="-0.098553" m_c="0.065616" m_d="0.926946" m_tx="-13.700000" m_ty="3.800000"/>
  </frame>
  <frame idx="25" w="549" h="549" x="-113.943909" y="-151.052505">
   <element name="crystalbase" layername="crystalbase" frame="0" z_index="20" m_a="1.032210" m_b="0.000000" m_c="0.000000" m_d="1.035260" m_tx="3.000000" m_ty="2.850000"/>
   <element name="Glow_FX" layername="Glow_FX" frame="0" z_index="21" m_a="0.469927" m_b="-0.003035" m_c="0.001374" m_d="0.212715" m_tx="-0.591452" m_ty="-116.001472"/>
   <element name="parts" layername="parts" frame="2" z_index="22" m_a="1.032210" m_b="0.000000" m_c="0.000000" m_d="1.035260" m_tx="3.000000" m_ty="-4.150000"/>
   <element name="parts" layername="parts" frame="3" z_index="23" m_a="-0.888532" m_b="-0.349944" m_c="0.350988" m_d="-0.891181" m_tx="-100.921326" m_ty="-137.547791"/>
   <element name="parts" layername="parts_2" frame="1" z_index="24" m_a="-0.888532" m_b="-0.349944" m_c="0.350988" m_d="-0.891181" m_tx="-106.461029" m_ty="-121.053673"/>
   <element name="ground" layername="ground" frame="0" z_index="25" m_a="1.392236" m_b="-0.098553" m_c="0.065616" m_d="0.926946" m_tx="-13.700000" m_ty="3.800000"/>
  </frame>
  <frame idx="50" w="536" h="568" x="-110.104752" y="-156.559296">
   <element name="crystalbase" layername="crystalbase" frame="0" z_index="20" m_a="1.032210" m_b="0.000000" m_c="0.000000" m_d="1.035260" m_tx="3.000000" m_ty="2.850000"/>
   <element name="Glow_FX" layername="Glow_FX" frame="0" z_index="21" m_a="0.452836" m_b="-0.002924" m_c="0.001290" m_d="0.199794" m_tx="-0.688140" m_ty="-115.421333"/>
   <element name="parts" layername="parts" frame="2" z_index="22" m_a="1.032210" m_b="0.000000" m_c="0.000000" m_d="1.035260" m_tx="3.000000" m_ty="-4.150000"/>
   <element name="parts" layername="parts" frame="3" z_index="23" m_a="-0.857165" m_b="-0.420967" m_c="0.422223" m_d="-0.859723" m_tx="-97.822495" m_ty="-141.274994"/>
   <element name="parts" layername="parts_2" frame="1" z_index="24" m_a="-0.857165" m_b="-0.420967" m_c="0.422223" m_d="-0.859723" m_tx="-104.154938" m_ty="-125.143417"/>
   <element name="ground" layername="ground" frame="0" z_index="25" m_a="1.392236" m_b="-0.098553" m_c="0.065616" m_d="0.926946" m_tx="-13.700000" m_ty="3.800000"/>
  </frame>
  <frame idx="75" w="513" h="594" x="-102.902985" y="-164.555557">
   <element name="crystalbase" layername="crystalbase" frame="0" z_index="20" m_a="1.032210" m_b="0.000000" m_c="0.000000" m_d="1.035260" m_tx="3.000000" m_ty="2.850000"/>
   <element name="Glow_FX" layername="Glow_FX" frame="0" z_index="21" m_a="0.424739" m_b="-0.002740" m_c="0.001152" m_d="0.178554" m_tx="-0.847087" m_ty="-114.467514"/>
   <element name="parts" layername="parts" frame="2" z_index="22" m_a="1.032210" m_b="0.000000" m_c="0.000000" m_d="1.035260" m_tx="3.000000" m_ty="-4.150000"/>
   <element name="parts" layername="parts" frame="3" z_index="23" m_a="-0.793403" m_b="-0.531462" m_c="0.533049" m_d="-0.795772" m_tx="-92.728287" m_ty="-147.402420"/>
   <element name="parts" layername="parts_2" frame="1" z_index="24" m_a="-0.793403" m_b="-0.531462" m_c="0.533049" m_d="-0.795772" m_tx="-100.364166" m_ty="-131.866714"/>
   <element name="ground" layername="ground" frame="0" z_index="25" m_a="1.392236" m_b="-0.098553" m_c="0.065616" m_d="0.926946" m_tx="-13.700000" m_ty="3.800000"/>
  </frame>
  <frame idx="100" w="473" h="624" x="-90.951843" y="-173.492844">
   <element name="crystalbase" layername="crystalbase" frame="0" z_index="20" m_a="1.032210" m_b="0.000000" m_c="0.000000" m_d="1.035260" m_tx="3.000000" m_ty="2.850000"/>
   <element name="Glow_FX" layername="Glow_FX" frame="0" z_index="21" m_a="0.384925" m_b="-0.002481" m_c="0.000957" m_d="0.148457" m_tx="-1.072310" m_ty="-113.115997"/>
   <element name="parts" layername="parts" frame="2" z_index="22" m_a="1.032210" m_b="0.000000" m_c="0.000000" m_d="1.035260" m_tx="3.000000" m_ty="-4.150000"/>
   <element name="parts" layername="parts" frame="3" z_index="23" m_a="-0.679130" m_b="-0.671352" m_c="0.673358" m_d="-0.681160" m_tx="-85.509804" m_ty="-156.085007"/>
   <element name="parts" layername="parts_2" frame="1" z_index="24" m_a="-0.679130" m_b="-0.671352" m_c="0.673358" m_d="-0.681160" m_tx="-94.992798" m_ty="-141.393997"/>
   <element name="ground" layername="ground" frame="0" z_index="25" m_a="1.392236" m_b="-0.098553" m_c="0.065616" m_d="0.926946" m_tx="-13.700000" m_ty="3.800000"/>
  </frame>
  <frame idx="125" w="401" h="651" x="-68.905930" y="-181.521164">
   <element name="crystalbase" layername="crystalbase" frame="0" z_index="20" m_a="1.032210" m_b="0.000000" m_c="0.000000" m_d="1.035260" m_tx="3.000000" m_ty="2.850000"/>
   <element name="Glow_FX" layername="Glow_FX" frame="0" z_index="21" m_a="0.322837" m_b="-0.002078" m_c="0.000653" m_d="0.101520" m_tx="-1.423553" m_ty="-111.008644"/>
   <element name="parts" layername="parts" frame="2" z_index="22" m_a="1.032210" m_b="0.000000" m_c="0.000000" m_d="1.035260" m_tx="3.000000" m_ty="-4.150000"/>
   <element name="parts" layername="parts" frame="3" z_index="23" m_a="-0.454236" m_b="-0.839993" m_c="0.842507" m_d="-0.455595" m_tx="-74.252594" m_ty="-169.625443"/>
   <element name="parts" layername="parts_2" frame="1" z_index="24" m_a="-0.454236" m_b="-0.839993" m_c="0.842507" m_d="-0.455595" m_tx="-86.615738" m_ty="-156.251358"/>
   <element name="ground" layername="ground" frame="0" z_index="25" m_a="1.392236" m_b="-0.098553" m_c="0.065616" m_d="0.926946" m_tx="-13.700000" m_ty="3.800000"/>
  </frame>
  <frame idx="150" w="299" h="533" x="-38.051689" y="-146.882202">
   <element name="crystalbase" layername="crystalbase" frame="0" z_index="20" m_a="1.063041" m_b="-0.000521" m_c="0.000493" m_d="1.005107" m_tx="2.927273" m_ty="2.850010"/>
   <element name="Glow_FX" layername="Glow_FX" frame="0" z_index="21" m_a="0.300485" m_b="-0.001933" m_c="0.000544" m_d="0.084623" m_tx="-1.550000" m_ty="-110.250000"/>
   <element name="parts" layername="parts" frame="2" z_index="22" m_a="1.064322" m_b="0.000000" m_c="0.000000" m_d="1.005491" m_tx="2.951515" m_ty="-4.125748"/>
   <element name="parts" layername="parts" frame="3" z_index="23" m_a="0.542160" m_b="-0.862810" m_c="0.823422" m_d="0.517410" m_tx="-38.835602" m_ty="-140.391159"/>
   <element name="parts" layername="parts_2" frame="1" z_index="24" m_a="-0.362497" m_b="-0.883465" m_c="0.886110" m_d="-0.363583" m_tx="-83.599998" m_ty="-161.600006"/>
   <element name="ground" layername="ground" frame="0" z_index="25" m_a="1.392236" m_b="-0.098553" m_c="0.065616" m_d="0.926946" m_tx="-13.700000" m_ty="3.800000"/>
  </frame>
  <frame idx="175" w="300" h="519" x="-37.079041" y="-142.263397">
   <element name="crystalbase" layername="crystalbase" frame="0" z_index="23" m_a="1.100808" m_b="-0.001132" m_c="0.000989" m_d="0.961892" m_tx="2.880303" m_ty="3.007593"/>
   <element name="Glow_FX" layername="Glow_FX" frame="0" z_index="25" m_a="0.305781" m_b="-0.001967" m_c="0.000570" m_d="0.088627" m_tx="-1.520037" m_ty="-110.429779"/>
   <element name="parts" layername="parts" frame="2" z_index="24" m_a="1.103463" m_b="0.000000" m_c="0.000000" m_d="0.962671" m_tx="2.930303" m_ty="-3.942407"/>
   <element name="parts" layername="parts" frame="0" z_index="22" m_a="1.092052" m_b="0.000000" m_c="0.000000" m_d="0.976746" m_tx="-4.748107" m_ty="-104.622513"/>
   <element name="parts" layername="parts_2" frame="1" z_index="25" m_a="-0.384645" m_b="-0.874050" m_c="0.876667" m_d="-0.385797" m_tx="-84.314606" m_ty="-160.332596"/>
   <element name="ground" layername="ground" frame="0" z_index="25" m_a="1.392236" m_b="-0.098553" m_c="0.065616" m_d="0.926946" m_tx="-13.700000" m_ty="3.800000"/>
   <element name="crystalbase" layername="crystalbase" frame="1" z_index="21" m_a="1.092052" m_b="0.000000" m_c="0.000000" m_d="0.976746" m_tx="-5.050000" m_ty="-107.722733"/>
  </frame>
  <frame idx="200" w="304" h="514" x="-36.765053" y="-141.248474">
   <element name="crystalbase" layername="crystalbase" frame="0" z_index="23" m_a="1.116459" m_b="-0.001208" m_c="0.001003" m_d="0.926964" m_tx="2.975000" m_ty="3.500010"/>
   <element name="Glow_FX" layername="Glow_FX" frame="0" z_index="25" m_a="0.322333" m_b="-0.002074" m_c="0.000651" m_d="0.101139" m_tx="-1.426404" m_ty="-110.991570"/>
   <element name="parts" layername="parts" frame="2" z_index="24" m_a="1.119160" m_b="0.000000" m_c="0.000000" m_d="0.927703" m_tx="3.025000" m_ty="-3.449990"/>
   <element name="parts" layername="parts" frame="0" z_index="22" m_a="1.107590" m_b="0.000000" m_c="0.000000" m_d="0.941276" m_tx="-4.735984" m_ty="-98.258858"/>
   <element name="parts" layername="parts_2" frame="1" z_index="25" m_a="-0.452219" m_b="-0.841081" m_c="0.843598" m_d="-0.453572" m_tx="-86.547752" m_ty="-156.371918"/>
   <element name="ground" layername="ground" frame="0" z_index="25" m_a="1.392236" m_b="-0.098553" m_c="0.065616" m_d="0.926946" m_tx="-13.700000" m_ty="3.800000"/>
   <element name="crystalbase" layername="crystalbase" frame="1" z_index="21" m_a="1.107590" m_b="0.000000" m_c="0.000000" m_d="0.941276" m_tx="-5.050000" m_ty="-100.449997"/>
  </frame>
  <frame idx="225" w="316" h="513" x="-39.146500" y="-140.760834">
   <element name="crystalbase" layername="crystalbase" frame="0" z_index="23" m_a="1.131658" m_b="-0.001283" m_c="0.001012" m_d="0.893067" m_tx="3.066912" m_ty="3.977929"/>
   <element name="Glow_FX" layername="Glow_FX" frame="0" z_index="25" m_a="0.338884" m_b="-0.002182" m_c="0.000732" m_d="0.113652" m_tx="-1.332772" m_ty="-111.553368"/>
   <element name="parts" layername="parts" frame="2" z_index="24" m_a="1.134395" m_b="0.000000" m_c="0.000000" m_d="0.893766" m_tx="3.116912" m_ty="-2.972071"/>
   <element name="parts" layername="parts" frame="0" z_index="22" m_a="1.122671" m_b="0.000000" m_c="0.000000" m_d="0.906850" m_tx="-4.724218" m_ty="-92.082878"/>
   <element name="parts" layername="parts_2" frame="1" z_index="25" m_a="-0.516990" m_b="-0.802897" m_c="0.805299" m_d="-0.518536" m_tx="-88.780899" m_ty="-152.411240"/>
   <element name="ground" layername="ground" frame="0" z_index="25" m_a="1.392236" m_b="-0.098553" m_c="0.065616" m_d="0.926946" m_tx="-13.700000" m_ty="3.800000"/>
   <element name="crystalbase" layername="crystalbase" frame="1" z_index="21" m_a="1.122671" m_b="0.000000" m_c="0.000000" m_d="0.906850" m_tx="-5.050000" m_ty="-93.391548"/>
  </frame>
  <frame idx="250" w="326" h="514" x="-43.464417" y="-141.058411">
   <element name="crystalbase" layername="crystalbase" frame="0" z_index="23" m_a="1.116819" m_b="-0.001037" m_c="0.000846" m_d="0.910752" m_tx="3.080640" m_ty="3.898334"/>
   <element name="Glow_FX" layername="Glow_FX" frame="0" z_index="25" m_a="0.355436" m_b="-0.002289" m_c="0.000813" m_d="0.126164" m_tx="-1.239139" m_ty="-112.115166"/>
   <element name="parts" layername="parts" frame="2" z_index="24" m_a="1.119036" m_b="0.000000" m_c="0.000000" m_d="0.911305" m_tx="3.120963" m_ty="-3.061344"/>
   <element name="parts" layername="parts" frame="0" z_index="22" m_a="1.109535" m_b="0.000000" m_c="0.000000" m_d="0.921714" m_tx="-4.727924" m_ty="-95.889336"/>
   <element name="parts" layername="parts_2" frame="1" z_index="25" m_a="-0.578555" m_b="-0.759737" m_c="0.762008" m_d="-0.580285" m_tx="-91.014046" m_ty="-148.450562"/>
   <element name="ground" layername="ground" frame="0" z_index="25" m_a="1.392236" m_b="-0.098553" m_c="0.065616" m_d="0.926946" m_tx="-13.700000" m_ty="3.800000"/>
   <element name="crystalbase" layername="crystalbase" frame="1" z_index="21" m_a="1.109535" m_b="0.000000" m_c="0.000000" m_d="0.921714" m_tx="-5.050000" m_ty="-97.577049"/>
  </frame>
  <frame idx="275" w="335" h="515" x="-48.594635" y="-141.355957">
   <element name="crystalbase" layername="crystalbase" frame="0" z_index="23" m_a="1.088270" m_b="-0.000670" m_c="0.000586" m_d="0.952766" m_tx="3.053428" m_ty="3.544599"/>
   <element name="Glow_FX" layername="Glow_FX" frame="0" z_index="25" m_a="0.371987" m_b="-0.002397" m_c="0.000894" m_d="0.138676" m_tx="-1.145506" m_ty="-112.676964"/>
   <element name="parts" layername="parts" frame="2" z_index="24" m_a="1.089738" m_b="0.000000" m_c="0.000000" m_d="0.953131" m_tx="3.080146" m_ty="-3.428682"/>
   <element name="parts" layername="parts" frame="0" z_index="22" m_a="1.083441" m_b="0.000000" m_c="0.000000" m_d="0.960028" m_tx="-4.739092" m_ty="-104.365425"/>
   <element name="parts" layername="parts_2" frame="1" z_index="25" m_a="-0.636535" m_b="-0.711866" m_c="0.713993" m_d="-0.638438" m_tx="-93.247192" m_ty="-144.489899"/>
   <element name="ground" layername="ground" frame="0" z_index="25" m_a="1.392236" m_b="-0.098553" m_c="0.065616" m_d="0.926946" m_tx="-13.700000" m_ty="3.800000"/>
   <element name="crystalbase" layername="crystalbase" frame="1" z_index="21" m_a="1.083441" m_b="0.000000" m_c="0.000000" m_d="0.960028" m_tx="-5.050000" m_ty="-107.032608"/>
  </frame>
  <frame idx="300" w="345" h="516" x="-52.021332" y="-141.653564">
   <element name="crystalbase" layername="crystalbase" frame="0" z_index="23" m_a="1.066490" m_b="-0.000401" m_c="0.000371" m_d="0.984818" m_tx="3.032670" m_ty="3.274720"/>
   <element name="Glow_FX" layername="Glow_FX" frame="0" z_index="25" m_a="0.388538" m_b="-0.002505" m_c="0.000975" m_d="0.151189" m_tx="-1.051873" m_ty="-113.238762"/>
   <element name="parts" layername="parts" frame="2" z_index="24" m_a="1.067390" m_b="0.000000" m_c="0.000000" m_d="0.985042" m_tx="3.049010" m_ty="-3.708940"/>
   <element name="parts" layername="parts" frame="0" z_index="22" m_a="1.063540" m_b="0.000000" m_c="0.000000" m_d="0.989259" m_tx="-4.747625" m_ty="-110.832367"/>
   <element name="parts" layername="parts_2" frame="1" z_index="25" m_a="-0.690569" m_b="-0.659582" m_c="0.661552" m_d="-0.692632" m_tx="-95.480331" m_ty="-140.529221"/>
   <element name="ground" layername="ground" frame="0" z_index="25" m_a="1.392236" m_b="-0.098553" m_c="0.065616" m_d="0.926946" m_tx="-13.700000" m_ty="3.800000"/>
   <element name="crystalbase" layername="crystalbase" frame="1" z_index="21" m_a="1.063540" m_b="0.000000" m_c="0.000000" m_d="0.989259" m_tx="-5.050000" m_ty="-114.247002"/>
  </frame>
  <frame idx="325" w="355" h="517" x="-54.953888" y="-141.951141">
   <element name="crystalbase" layername="crystalbase" frame="0" z_index="23" m_a="1.052365" m_b="-0.000233" m_c="0.000222" m_d="1.005606" m_tx="3.019207" m_ty="3.099669"/>
   <element name="Glow_FX" layername="Glow_FX" frame="0" z_index="25" m_a="0.405090" m_b="-0.002612" m_c="0.001056" m_d="0.163701" m_tx="-0.958240" m_ty="-113.800560"/>
   <element name="parts" layername="parts" frame="2" z_index="24" m_a="1.052890" m_b="0.000000" m_c="0.000000" m_d="1.005739" m_tx="3.028811" m_ty="-3.890727"/>
   <element name="parts" layername="parts" frame="0" z_index="22" m_a="1.050628" m_b="0.000000" m_c="0.000000" m_d="1.008223" m_tx="-4.753149" m_ty="-115.027252"/>
   <element name="parts" layername="parts_2" frame="1" z_index="25" m_a="-0.740322" m_b="-0.603208" m_c="0.605010" m_d="-0.742533" m_tx="-97.713478" m_ty="-136.568542"/>
   <element name="ground" layername="ground" frame="0" z_index="25" m_a="1.392236" m_b="-0.098553" m_c="0.065616" m_d="0.926946" m_tx="-13.700000" m_ty="3.800000"/>
   <element name="crystalbase" layername="crystalbase" frame="1" z_index="21" m_a="1.050628" m_b="0.000000" m_c="0.000000" m_d="1.008223" m_tx="-5.050000" m_ty="-118.926414"/>
  </frame>
  <frame idx="350" w="363" h="517" x="-57.718948" y="-142.245026">
   <element name="crystalbase" layername="crystalbase" frame="0" z_index="23" m_a="1.041816" m_b="-0.000110" m_c="0.000108" m_d="1.021129" m_tx="3.009153" m_ty="2.968989"/>
   <element name="Glow_FX" layername="Glow_FX" frame="0" z_index="25" m_a="0.421641" m_b="-0.002720" m_c="0.001137" m_d="0.176213" m_tx="-0.864607" m_ty="-114.362358"/>
   <element name="parts" layername="parts" frame="2" z_index="24" m_a="1.042065" m_b="0.000000" m_c="0.000000" m_d="1.021190" m_tx="3.013729" m_ty="-4.026434"/>
   <element name="parts" layername="parts" frame="0" z_index="22" m_a="1.040991" m_b="0.000000" m_c="0.000000" m_d="1.022376" m_tx="-4.757277" m_ty="-118.158379"/>
   <element name="parts" layername="parts_2" frame="1" z_index="25" m_a="-0.785486" m_b="-0.543096" m_c="0.544717" m_d="-0.787830" m_tx="-99.946625" m_ty="-132.607864"/>
   <element name="ground" layername="ground" frame="0" z_index="25" m_a="1.392236" m_b="-0.098553" m_c="0.065616" m_d="0.926946" m_tx="-13.700000" m_ty="3.800000"/>
   <element name="crystalbase" layername="crystalbase" frame="1" z_index="21" m_a="1.040991" m_b="0.000000" m_c="0.000000" m_d="1.022376" m_tx="-5.050000" m_ty="-122.419487"/>
  </frame>
  <frame idx="375" w="372" h="520" x="-60.306274" y="-142.099350">
   <element name="crystalbase" layername="crystalbase" frame="0" z_index="23" m_a="1.035089" m_b="-0.000033" m_c="0.000033" m_d="1.031025" m_tx="3.002742" m_ty="2.885682"/>
   <element name="Glow_FX" layername="Glow_FX" frame="0" z_index="25" m_a="0.438193" m_b="-0.002828" m_c="0.001218" m_d="0.188725" m_tx="-0.770974" m_ty="-114.924156"/>
   <element name="parts" layername="parts" frame="2" z_index="24" m_a="1.035165" m_b="0.000000" m_c="0.000000" m_d="1.031040" m_tx="3.004114" m_ty="-4.112947"/>
   <element name="parts" layername="parts" frame="0" z_index="22" m_a="1.034846" m_b="0.000000" m_c="0.000000" m_d="1.031396" m_tx="-4.759909" m_ty="-120.154327"/>
   <element name="parts" layername="parts_2" frame="1" z_index="25" m_a="-0.825780" m_b="-0.479616" m_c="0.481047" m_d="-0.828244" m_tx="-102.179771" m_ty="-128.647186"/>
   <element name="ground" layername="ground" frame="0" z_index="25" m_a="1.392236" m_b="-0.098553" m_c="0.065616" m_d="0.926946" m_tx="-13.700000" m_ty="3.800000"/>
   <element name="crystalbase" layername="crystalbase" frame="1" z_index="21" m_a="1.034846" m_b="0.000000" m_c="0.000000" m_d="1.031396" m_tx="-5.050000" m_ty="-124.646217"/>
  </frame>
  <frame idx="400" w="380" h="521" x="-62.706741" y="-142.207336">
   <element name="crystalbase" layername="crystalbase" frame="0" z_index="23" m_a="1.032210" m_b="0.000000" m_c="0.000000" m_d="1.035260" m_tx="3.000000" m_ty="2.850000"/>
   <element name="Glow_FX" layername="Glow_FX" frame="0" z_index="25" m_a="0.454744" m_b="-0.002936" m_c="0.001299" m_d="0.201238" m_tx="-0.677341" m_ty="-115.485954"/>
   <element name="parts" layername="parts" frame="2" z_index="24" m_a="1.032210" m_b="0.000000" m_c="0.000000" m_d="1.035260" m_tx="3.000000" m_ty="-4.150000"/>
   <element name="parts" layername="parts" frame="0" z_index="22" m_a="1.032210" m_b="0.000000" m_c="0.000000" m_d="1.035260" m_tx="-4.761031" m_ty="-121.009544"/>
   <element name="parts" layername="parts_2" frame="1" z_index="25" m_a="-0.860956" m_b="-0.413162" m_c="0.414395" m_d="-0.863524" m_tx="-104.412918" m_ty="-124.686523"/>
   <element name="ground" layername="ground" frame="0" z_index="25" m_a="1.392236" m_b="-0.098553" m_c="0.065616" m_d="0.926946" m_tx="-13.700000" m_ty="3.800000"/>
   <element name="crystalbase" layername="crystalbase" frame="1" z_index="21" m_a="1.032210" m_b="0.000000" m_c="0.000000" m_d="1.035260" m_tx="-5.050000" m_ty="-125.599998"/>
  </frame>
 </anim>
 <anim name="closed" root="coonfur_sack" numframes="25" framerate="40">
  <frame idx="0" w="170" h="345" x="0.942116" y="-88.927284">
   <element name="crystalbase" layername="crystalbase" frame="1" z_index="21" m_a="1.032210" m_b="0.000000" m_c="0.000000" m_d="1.035260" m_tx="-5.050000" m_ty="-125.599998"/>
   <element name="parts" layername="parts" frame="0" z_index="22" m_a="1.032210" m_b="0.000000" m_c="0.000000" m_d="1.035260" m_tx="-3.050000" m_ty="-118.800003"/>
   <element name="crystalbase" layername="crystalbase" frame="0" z_index="23" m_a="1.032210" m_b="0.000000" m_c="0.000000" m_d="1.035260" m_tx="3.000000" m_ty="2.850000"/>
   <element name="parts" layername="parts" frame="2" z_index="24" m_a="1.032210" m_b="0.000000" m_c="0.000000" m_d="1.035260" m_tx="3.000000" m_ty="-4.150000"/>
   <element name="ground" layername="ground" frame="0" z_index="25" m_a="1.392236" m_b="-0.098553" m_c="0.065616" m_d="0.926946" m_tx="-13.700000" m_ty="3.800000"/>
  </frame>
 </anim>
 <anim name="open" root="coonfur_sack" numframes="500" framerate="40">
  <frame idx="0" w="170" h="345" x="0.942116" y="-88.927284">
   <element name="crystalbase" layername="crystalbase" frame="1" z_index="21" m_a="1.032210" m_b="0.000000" m_c="0.000000" m_d="1.035260" m_tx="-5.050000" m_ty="-125.599998"/>
   <element name="parts" layername="parts" frame="0" z_index="22" m_a="1.032210" m_b="0.000000" m_c="0.000000" m_d="1.035260" m_tx="-3.050000" m_ty="-118.800003"/>
   <element name="crystalbase" layername="crystalbase" frame="0" z_index="23" m_a="1.032210" m_b="0.000000" m_c="0.000000" m_d="1.035260" m_tx="3.000000" m_ty="2.850000"/>
   <element name="parts" layername="parts" frame="2" z_index="24" m_a="1.032210" m_b="0.000000" m_c="0.000000" m_d="1.035260" m_tx="3.000000" m_ty="-4.150000"/>
   <element name="ground" layername="ground" frame="0" z_index="25" m_a="1.392236" m_b="-0.098553" m_c="0.065616" m_d="0.926946" m_tx="-13.700000" m_ty="3.800000"/>
  </frame>
  <frame idx="25" w="170" h="343" x="0.946266" y="-88.634132">
   <element name="crystalbase" layername="crystalbase" frame="1" z_index="21" m_a="1.037247" m_b="0.000000" m_c="0.000000" m_d="1.031620" m_tx="-5.050000" m_ty="-124.551476"/>
   <element name="parts" layername="parts" frame="0" z_index="22" m_a="1.037247" m_b="0.000000" m_c="0.000000" m_d="1.031620" m_tx="-3.041706" m_ty="-117.852943"/>
   <element name="crystalbase" layername="crystalbase" frame="0" z_index="23" m_a="1.039232" m_b="-0.000063" m_c="0.000062" m_d="1.029951" m_tx="3.049743" m_ty="2.908037"/>
   <element name="parts" layername="parts" frame="2" z_index="24" m_a="1.039387" m_b="0.000000" m_c="0.000000" m_d="1.029885" m_tx="3.047669" m_ty="-4.091963"/>
   <element name="ground" layername="ground" frame="0" z_index="25" m_a="1.392236" m_b="-0.098553" m_c="0.065616" m_d="0.926946" m_tx="-13.700000" m_ty="3.800000"/>
  </frame>
  <frame idx="50" w="170" h="338" x="0.955940" y="-87.816566">
   <element name="crystalbase" layername="crystalbase" frame="1" z_index="21" m_a="1.048990" m_b="0.000000" m_c="0.000000" m_d="1.023125" m_tx="-5.050000" m_ty="-122.105148"/>
   <element name="parts" layername="parts" frame="0" z_index="22" m_a="1.048990" m_b="0.000000" m_c="0.000000" m_d="1.023125" m_tx="-3.022371" m_ty="-115.643394"/>
   <element name="crystalbase" layername="crystalbase" frame="0" z_index="23" m_a="1.055607" m_b="-0.000212" m_c="0.000205" m_d="1.017572" m_tx="3.165769" m_ty="3.043398"/>
   <element name="parts" layername="parts" frame="2" z_index="24" m_a="1.056123" m_b="0.000000" m_c="0.000000" m_d="1.017341" m_tx="3.158862" m_ty="-3.956602"/>
   <element name="ground" layername="ground" frame="0" z_index="25" m_a="1.392236" m_b="-0.098553" m_c="0.065616" m_d="0.926946" m_tx="-13.700000" m_ty="3.800000"/>
  </frame>
  <frame idx="75" w="170" h="332" x="1.085617" y="-85.805733">
   <element name="crystalbase" layername="crystalbase" frame="1" z_index="21" m_a="1.068292" m_b="0.000000" m_c="0.000000" m_d="1.009158" m_tx="-5.050000" m_ty="-118.083481"/>
   <element name="parts" layername="parts" frame="0" z_index="22" m_a="1.068292" m_b="0.000000" m_c="0.000000" m_d="1.009158" m_tx="-2.990586" m_ty="-112.011208"/>
   <element name="crystalbase" layername="crystalbase" frame="0" z_index="23" m_a="1.082523" m_b="-0.000468" m_c="0.000431" m_d="0.997219" m_tx="3.356507" m_ty="3.265922"/>
   <element name="parts" layername="parts" frame="2" z_index="24" m_a="1.083638" m_b="0.000000" m_c="0.000000" m_d="0.996719" m_tx="3.341652" m_ty="-3.734078"/>
   <element name="ground" layername="ground" frame="0" z_index="25" m_a="1.392236" m_b="-0.098553" m_c="0.065616" m_d="0.926946" m_tx="-13.700000" m_ty="3.800000"/>
  </frame>
  <frame idx="100" w="172" h="323" x="3.113426" y="-82.956497">
   <element name="crystalbase" layername="crystalbase" frame="1" z_index="21" m_a="1.095640" m_b="0.000000" m_c="0.000000" m_d="0.989372" m_tx="-5.050000" m_ty="-112.385002"/>
   <element name="parts" layername="parts" frame="0" z_index="22" m_a="1.095640" m_b="0.000000" m_c="0.000000" m_d="0.989372" m_tx="-2.945540" m_ty="-106.864998"/>
   <element name="crystalbase" layername="crystalbase" frame="0" z_index="23" m_a="1.120660" m_b="-0.000852" m_c="0.000736" m_d="0.968374" m_tx="3.626780" m_ty="3.581240"/>
   <element name="parts" layername="parts" frame="2" z_index="24" m_a="1.122630" m_b="0.000000" m_c="0.000000" m_d="0.967495" m_tx="3.600660" m_ty="-3.418760"/>
   <element name="ground" layername="ground" frame="0" z_index="25" m_a="1.392236" m_b="-0.098553" m_c="0.065616" m_d="0.926946" m_tx="-13.700000" m_ty="3.800000"/>
  </frame>
  <frame idx="125" w="175" h="307" x="6.275597" y="-78.513481">
   <element name="crystalbase" layername="crystalbase" frame="1" z_index="21" m_a="1.138287" m_b="-0.000000" m_c="0.000000" m_d="0.958512" m_tx="-5.050000" m_ty="-103.498978"/>
   <element name="parts" layername="parts" frame="0" z_index="22" m_a="1.138287" m_b="-0.000000" m_c="0.000000" m_d="0.958512" m_tx="-2.875290" m_ty="-98.839340"/>
   <element name="crystalbase" layername="crystalbase" frame="0" z_index="23" m_a="1.180137" m_b="-0.001500" m_c="0.001174" m_d="0.923392" m_tx="4.048265" m_ty="4.072975"/>
   <element name="parts" layername="parts" frame="2" z_index="24" m_a="1.183432" m_b="0.000000" m_c="0.000000" m_d="0.921924" m_tx="4.004587" m_ty="-2.927025"/>
   <element name="ground" layername="ground" frame="0" z_index="25" m_a="1.392236" m_b="-0.098553" m_c="0.065616" m_d="0.926946" m_tx="-13.700000" m_ty="3.800000"/>
  </frame>
  <frame idx="150" w="174" h="312" x="4.993439" y="-79.825111">
   <element name="crystalbase" layername="crystalbase" frame="1" z_index="21" m_a="1.120164" m_b="-0.006035" m_c="0.005252" m_d="0.974941" m_tx="-5.365161" m_ty="-105.657578"/>
   <element name="parts" layername="parts" frame="0" z_index="22" m_a="1.120164" m_b="-0.006035" m_c="0.005252" m_d="0.974941" m_tx="-3.116672" m_ty="-100.556114"/>
   <element name="crystalbase" layername="crystalbase" frame="0" z_index="23" m_a="1.196652" m_b="-0.001698" m_c="0.001293" m_d="0.911590" m_tx="4.168776" m_ty="4.213777"/>
   <element name="parts" layername="parts" frame="2" z_index="24" m_a="1.200336" m_b="0.000000" m_c="0.000000" m_d="0.909963" m_tx="4.120022" m_ty="-2.787469"/>
   <element name="ground" layername="ground" frame="0" z_index="25" m_a="1.392236" m_b="-0.098553" m_c="0.065616" m_d="0.926946" m_tx="-13.700000" m_ty="3.800000"/>
  </frame>
  <frame idx="175" w="172" h="332" x="1.929672" y="-85.824409">
   <element name="crystalbase" layername="crystalbase" frame="1" z_index="21" m_a="1.075909" m_b="-0.018354" m_c="0.017215" m_d="1.009135" m_tx="-6.063652" m_ty="-116.707573"/>
   <element name="parts" layername="parts" frame="0" z_index="22" m_a="1.075909" m_b="-0.018354" m_c="0.017215" m_d="1.009135" m_tx="-3.593947" m_ty="-110.686363"/>
   <element name="crystalbase" layername="crystalbase" frame="0" z_index="23" m_a="1.183941" m_b="-0.001568" m_c="0.001222" m_d="0.922987" m_tx="4.087741" m_ty="4.119777"/>
   <element name="parts" layername="parts" frame="2" z_index="24" m_a="1.187396" m_b="0.000000" m_c="0.000000" m_d="0.921497" m_tx="4.042228" m_ty="-2.884710"/>
   <element name="ground" layername="ground" frame="0" z_index="25" m_a="1.392236" m_b="-0.098553" m_c="0.065616" m_d="0.926946" m_tx="-13.700000" m_ty="3.800000"/>
  </frame>
  <frame idx="200" w="172" h="362" x="0.367119" y="-94.928459">
   <element name="crystalbase" layername="crystalbase" frame="1" z_index="21" m_a="1.048634" m_b="-0.037389" m_c="0.036525" m_d="1.024419" m_tx="-7.200000" m_ty="-133.449997"/>
   <element name="parts" layername="parts" frame="0" z_index="22" m_a="1.048634" m_b="-0.037389" m_c="0.036525" m_d="1.024419" m_tx="-4.200000" m_ty="-127.050003"/>
   <element name="crystalbase" layername="crystalbase" frame="0" z_index="23" m_a="1.160479" m_b="-0.001335" m_c="0.001086" m_d="0.944019" m_tx="3.938180" m_ty="3.946300"/>
   <element name="parts" layername="parts" frame="2" z_index="24" m_a="1.163510" m_b="0.000000" m_c="0.000000" m_d="0.942786" m_tx="3.898660" m_ty="-3.064180"/>
   <element name="ground" layername="ground" frame="0" z_index="25" m_a="1.392236" m_b="-0.098553" m_c="0.065616" m_d="0.926946" m_tx="-13.700000" m_ty="3.800000"/>
  </frame>
  <frame idx="225" w="248" h="600" x="-22.649696" y="-167.019989">
   <element name="crystalbase" layername="crystalbase" frame="1" z_index="21" m_a="1.048634" m_b="-0.037389" m_c="0.036525" m_d="1.024419" m_tx="-7.200000" m_ty="-133.449997"/>
   <element name="parts" layername="parts" frame="0" z_index="22" m_a="0.105404" m_b="-0.974234" m_c="0.969946" m_d="0.104940" m_tx="-50.233631" m_ty="-164.505859"/>
   <element name="crystalbase" layername="crystalbase" frame="0" z_index="23" m_a="1.124936" m_b="-0.000997" m_c="0.000865" m_d="0.975886" m_tx="3.711592" m_ty="3.683455"/>
   <element name="parts" layername="parts" frame="2" z_index="24" m_a="1.127326" m_b="0.000000" m_c="0.000000" m_d="0.975040" m_tx="3.681130" m_ty="-3.336084"/>
   <element name="ground" layername="ground" frame="0" z_index="25" m_a="1.392236" m_b="-0.098553" m_c="0.065616" m_d="0.926946" m_tx="-13.700000" m_ty="3.800000"/>
  </frame>
  <frame idx="250" w="451" h="641" x="-84.206436" y="-179.485321">
   <element name="crystalbase" layername="crystalbase" frame="1" z_index="25" m_a="1.047684" m_b="-0.035106" m_c="0.034350" m_d="1.025108" m_tx="-7.070676" m_ty="-132.977814"/>
   <element name="parts" layername="parts" frame="3" z_index="23" m_a="-0.625743" m_b="-0.721366" m_c="0.723520" m_d="-0.627611" m_tx="-79.813522" m_ty="-164.742325"/>
   <element name="crystalbase" layername="crystalbase" frame="0" z_index="20" m_a="1.086414" m_b="-0.000652" m_c="0.000607" m_d="1.010423" m_tx="3.466015" m_ty="3.398580"/>
   <element name="parts" layername="parts" frame="2" z_index="22" m_a="1.088108" m_b="0.000000" m_c="0.000000" m_d="1.009996" m_tx="3.445375" m_ty="-3.630780"/>
   <element name="ground" layername="ground" frame="0" z_index="25" m_a="1.392236" m_b="-0.098553" m_c="0.065616" m_d="0.926946" m_tx="-13.700000" m_ty="3.800000"/>
   <element name="Glow_FX" layername="Glow_FX" frame="0" z_index="21" m_a="0.319138" m_b="-0.002040" m_c="0.000704" m_d="0.110037" m_tx="-2.403030" m_ty="-108.639397"/>
   <element name="parts" layername="parts_2" frame="1" z_index="24" m_a="-0.625743" m_b="-0.721366" m_c="0.723520" m_d="-0.627611" m_tx="-90.965385" m_ty="-153.199112"/>
  </frame>
  <frame idx="275" w="534" h="575" x="-109.224716" y="-157.938812">
   <element name="crystalbase" layername="crystalbase" frame="1" z_index="25" m_a="1.046190" m_b="-0.031548" m_c="0.030945" m_d="1.026174" m_tx="-6.868609" m_ty="-132.240036"/>
   <element name="parts" layername="parts" frame="3" z_index="23" m_a="-0.860415" m_b="-0.414273" m_c="0.415506" m_d="-0.862976" m_tx="-95.587997" m_ty="-145.778854"/>
   <element name="crystalbase" layername="crystalbase" frame="0" z_index="20" m_a="1.049482" m_b="-0.000343" m_c="0.000341" m_d="1.043534" m_tx="3.230582" m_ty="3.125475"/>
   <element name="parts" layername="parts" frame="2" z_index="22" m_a="1.050510" m_b="0.000000" m_c="0.000000" m_d="1.043508" m_tx="3.219360" m_ty="-3.913303"/>
   <element name="ground" layername="ground" frame="0" z_index="25" m_a="1.392236" m_b="-0.098553" m_c="0.065616" m_d="0.926946" m_tx="-13.700000" m_ty="3.800000"/>
   <element name="Glow_FX" layername="Glow_FX" frame="0" z_index="21" m_a="0.337510" m_b="-0.002153" m_c="0.000782" m_d="0.122612" m_tx="-2.239392" m_ty="-112.628792"/>
   <element name="parts" layername="parts_2" frame="1" z_index="24" m_a="-0.860415" m_b="-0.414273" m_c="0.415506" m_d="-0.862976" m_tx="-99.705605" m_ty="-130.341629"/>
  </frame>
  <frame idx="300" w="568" h="523" x="-119.554367" y="-140.610687">
   <element name="crystalbase" layername="crystalbase" frame="1" z_index="25" m_a="1.044684" m_b="-0.028001" m_c="0.027533" m_d="1.027229" m_tx="-6.666541" m_ty="-131.502258"/>
   <element name="parts" layername="parts" frame="3" z_index="23" m_a="-0.936054" m_b="-0.189065" m_c="0.189626" m_d="-0.938835" m_tx="-105.203972" m_ty="-133.973709"/>
   <element name="crystalbase" layername="crystalbase" frame="0" z_index="20" m_a="1.019490" m_b="-0.000106" m_c="0.000111" m_d="1.070420" m_tx="3.039400" m_ty="2.903710"/>
   <element name="parts" layername="parts" frame="2" z_index="22" m_a="1.019980" m_b="0.000000" m_c="0.000000" m_d="1.070720" m_tx="3.035830" m_ty="-4.142720"/>
   <element name="ground" layername="ground" frame="0" z_index="25" m_a="1.392236" m_b="-0.098553" m_c="0.065616" m_d="0.926946" m_tx="-13.700000" m_ty="3.800000"/>
   <element name="Glow_FX" layername="Glow_FX" frame="0" z_index="21" m_a="0.355889" m_b="-0.002265" m_c="0.000861" m_d="0.135187" m_tx="-2.049990" m_ty="-116.000000"/>
   <element name="parts" layername="parts_2" frame="1" z_index="24" m_a="-0.936054" m_b="-0.189065" m_c="0.189626" m_d="-0.938835" m_tx="-105.055000" m_ty="-116.352997"/>
  </frame>
  <frame idx="325" w="576" h="526" x="-121.938278" y="-141.079803">
   <element name="crystalbase" layername="crystalbase" frame="1" z_index="25" m_a="1.043167" m_b="-0.024464" m_c="0.024114" m_d="1.028273" m_tx="-6.464474" m_ty="-130.764465"/>
   <element name="parts" layername="parts" frame="3" z_index="23" m_a="-0.948023" m_b="-0.114882" m_c="0.115223" m_d="-0.950838" m_tx="-108.224319" m_ty="-130.219620"/>
   <element name="crystalbase" layername="crystalbase" frame="0" z_index="20" m_a="1.009174" m_b="-0.000028" m_c="0.000030" m_d="1.079663" m_tx="2.973665" m_ty="2.827453"/>
   <element name="parts" layername="parts" frame="2" z_index="22" m_a="1.009487" m_b="0.000000" m_c="0.000000" m_d="1.080080" m_tx="2.972720" m_ty="-4.221602"/>
   <element name="ground" layername="ground" frame="0" z_index="25" m_a="1.392236" m_b="-0.098553" m_c="0.065616" m_d="0.926946" m_tx="-13.700000" m_ty="3.800000"/>
   <element name="Glow_FX" layername="Glow_FX" frame="0" z_index="21" m_a="0.373740" m_b="-0.002394" m_c="0.000944" m_d="0.147408" m_tx="-1.755865" m_ty="-117.727943"/>
   <element name="parts" layername="parts_2" frame="1" z_index="24" m_a="-0.948023" m_b="-0.114882" m_c="0.115223" m_d="-0.950838" m_tx="-106.742500" m_ty="-111.939026"/>
  </frame>
  <frame idx="350" w="577" h="526" x="-122.372055" y="-141.537766">
   <element name="crystalbase" layername="crystalbase" frame="1" z_index="25" m_a="1.041637" m_b="-0.020937" m_c="0.020689" m_d="1.029306" m_tx="-6.262406" m_ty="-130.026688"/>
   <element name="parts" layername="parts" frame="3" z_index="23" m_a="-0.949325" m_b="-0.103576" m_c="0.103883" m_d="-0.952145" m_tx="-108.901749" m_ty="-129.493362"/>
   <element name="crystalbase" layername="crystalbase" frame="0" z_index="20" m_a="1.011138" m_b="0.000000" m_c="0.000000" m_d="1.072866" m_tx="2.960608" m_ty="2.810609"/>
   <element name="parts" layername="parts" frame="2" z_index="22" m_a="1.011848" m_b="0.000000" m_c="0.000000" m_d="1.072289" m_tx="2.961578" m_ty="-4.226839"/>
   <element name="ground" layername="ground" frame="0" z_index="25" m_a="1.392236" m_b="-0.098553" m_c="0.065616" m_d="0.926946" m_tx="-13.700000" m_ty="3.800000"/>
   <element name="Glow_FX" layername="Glow_FX" frame="0" z_index="21" m_a="0.400762" m_b="-0.002576" m_c="0.001066" m_d="0.165903" m_tx="-1.416642" m_ty="-117.904427"/>
   <element name="parts" layername="parts_2" frame="1" z_index="24" m_a="-0.949325" m_b="-0.103576" m_c="0.103883" m_d="-0.952145" m_tx="-107.356789" m_ty="-110.942482"/>
  </frame>
  <frame idx="375" w="575" h="525" x="-121.591629" y="-141.948257">
   <element name="crystalbase" layername="crystalbase" frame="1" z_index="25" m_a="1.040095" m_b="-0.017421" m_c="0.017257" m_d="1.030327" m_tx="-6.060338" m_ty="-129.288910"/>
   <element name="parts" layername="parts" frame="3" z_index="23" m_a="-0.944888" m_b="-0.138325" m_c="0.138736" m_d="-0.947696" m_tx="-107.988762" m_ty="-130.895660"/>
   <element name="crystalbase" layername="crystalbase" frame="0" z_index="20" m_a="1.019194" m_b="0.000000" m_c="0.000000" m_d="1.058493" m_tx="2.975667" m_ty="2.825667"/>
   <element name="parts" layername="parts" frame="2" z_index="22" m_a="1.020280" m_b="0.000000" m_c="0.000000" m_d="1.056959" m_tx="2.977485" m_ty="-4.195023"/>
   <element name="ground" layername="ground" frame="0" z_index="25" m_a="1.392236" m_b="-0.098553" m_c="0.065616" m_d="0.926946" m_tx="-13.700000" m_ty="3.800000"/>
   <element name="Glow_FX" layername="Glow_FX" frame="0" z_index="21" m_a="0.429999" m_b="-0.002769" m_c="0.001197" m_d="0.185913" m_tx="-1.085391" m_ty="-117.271973"/>
   <element name="parts" layername="parts_2" frame="1" z_index="24" m_a="-0.944888" m_b="-0.138325" m_c="0.138736" m_d="-0.947696" m_tx="-107.371758" m_ty="-112.266060"/>
  </frame>
  <frame idx="400" w="569" h="523" x="-120.109924" y="-142.271317">
   <element name="crystalbase" layername="crystalbase" frame="1" z_index="25" m_a="1.038542" m_b="-0.013916" m_c="0.013819" m_d="1.031337" m_tx="-5.858271" m_ty="-128.551132"/>
   <element name="parts" layername="parts" frame="3" z_index="23" m_a="-0.934868" m_b="-0.194861" m_c="0.195441" m_d="-0.937649" m_tx="-106.488297" m_ty="-133.188004"/>
   <element name="crystalbase" layername="crystalbase" frame="0" z_index="20" m_a="1.025520" m_b="0.000000" m_c="0.000000" m_d="1.047190" m_tx="2.987500" m_ty="2.837500"/>
   <element name="parts" layername="parts" frame="2" z_index="22" m_a="1.026250" m_b="0.000000" m_c="0.000000" m_d="1.046110" m_tx="2.988750" m_ty="-4.172500"/>
   <element name="ground" layername="ground" frame="0" z_index="25" m_a="1.392236" m_b="-0.098553" m_c="0.065616" m_d="0.926946" m_tx="-13.700000" m_ty="3.800000"/>
   <element name="Glow_FX" layername="Glow_FX" frame="0" z_index="21" m_a="0.452984" m_b="-0.002922" m_c="0.001301" m_d="0.201644" m_tx="-0.824986" m_ty="-116.775002"/>
   <element name="parts" layername="parts_2" frame="1" z_index="24" m_a="-0.934868" m_b="-0.194861" m_c="0.195441" m_d="-0.937649" m_tx="-107.396004" m_ty="-114.434998"/>
  </frame>
  <frame idx="425" w="563" h="531" x="-118.110947" y="-144.763245">
   <element name="crystalbase" layername="crystalbase" frame="1" z_index="25" m_a="1.036976" m_b="-0.010421" m_c="0.010374" m_d="1.032335" m_tx="-5.656203" m_ty="-127.813347"/>
   <element name="parts" layername="parts" frame="3" z_index="23" m_a="-0.919271" m_b="-0.258633" m_c="0.259403" m_d="-0.922009" m_tx="-104.767448" m_ty="-135.799011"/>
   <element name="crystalbase" layername="crystalbase" frame="0" z_index="20" m_a="1.029211" m_b="0.000000" m_c="0.000000" m_d="1.040616" m_tx="2.994397" m_ty="2.844390"/>
   <element name="parts" layername="parts" frame="2" z_index="22" m_a="1.029537" m_b="0.000000" m_c="0.000000" m_d="1.040132" m_tx="2.994949" m_ty="-4.160103"/>
   <element name="ground" layername="ground" frame="0" z_index="25" m_a="1.392236" m_b="-0.098553" m_c="0.065616" m_d="0.926946" m_tx="-13.700000" m_ty="3.800000"/>
   <element name="Glow_FX" layername="Glow_FX" frame="0" z_index="21" m_a="0.466368" m_b="-0.003011" m_c="0.001361" m_d="0.210804" m_tx="-0.673341" m_ty="-116.485291"/>
   <element name="parts" layername="parts_2" frame="1" z_index="24" m_a="-0.919271" m_b="-0.258633" m_c="0.259403" m_d="-0.922009" m_tx="-107.423203" m_ty="-116.916618"/>
  </frame>
  <frame idx="450" w="558" h="541" x="-116.636749" y="-148.166870">
   <element name="crystalbase" layername="crystalbase" frame="1" z_index="25" m_a="1.035399" m_b="-0.006936" m_c="0.006923" m_d="1.033321" m_tx="-5.454135" m_ty="-127.075562"/>
   <element name="parts" layername="parts" frame="3" z_index="23" m_a="-0.906771" m_b="-0.299528" m_c="0.300421" m_d="-0.909474" m_tx="-103.644028" m_ty="-137.493927"/>
   <element name="crystalbase" layername="crystalbase" frame="0" z_index="20" m_a="1.031350" m_b="0.000000" m_c="0.000000" m_d="1.036800" m_tx="2.998393" m_ty="2.848387"/>
   <element name="parts" layername="parts" frame="2" z_index="22" m_a="1.031442" m_b="0.000000" m_c="0.000000" m_d="1.036661" m_tx="2.998547" m_ty="-4.152905"/>
   <element name="ground" layername="ground" frame="0" z_index="25" m_a="1.392236" m_b="-0.098553" m_c="0.065616" m_d="0.926946" m_tx="-13.700000" m_ty="3.800000"/>
   <element name="Glow_FX" layername="Glow_FX" frame="0" z_index="21" m_a="0.474128" m_b="-0.003062" m_c="0.001396" m_d="0.216115" m_tx="-0.585416" m_ty="-116.317482"/>
   <element name="parts" layername="parts_2" frame="1" z_index="24" m_a="-0.906771" m_b="-0.299528" m_c="0.300421" m_d="-0.909474" m_tx="-107.441238" m_ty="-118.532425"/>
  </frame>
  <frame idx="475" w="556" h="545" x="-115.889221" y="-149.723938">
   <element name="crystalbase" layername="crystalbase" frame="1" z_index="25" m_a="1.033810" m_b="-0.003463" m_c="0.003464" m_d="1.034296" m_tx="-5.252068" m_ty="-126.337784"/>
   <element name="parts" layername="parts" frame="3" z_index="23" m_a="-0.900192" m_b="-0.318757" m_c="0.319707" m_d="-0.902876" m_tx="-103.109505" m_ty="-138.297852"/>
   <element name="crystalbase" layername="crystalbase" frame="0" z_index="20" m_a="1.032210" m_b="0.000000" m_c="0.000000" m_d="1.035260" m_tx="3.000000" m_ty="2.850000"/>
   <element name="parts" layername="parts" frame="2" z_index="22" m_a="1.032210" m_b="0.000000" m_c="0.000000" m_d="1.035260" m_tx="3.000000" m_ty="-4.150000"/>
   <element name="ground" layername="ground" frame="0" z_index="25" m_a="1.392236" m_b="-0.098553" m_c="0.065616" m_d="0.926946" m_tx="-13.700000" m_ty="3.800000"/>
   <element name="Glow_FX" layername="Glow_FX" frame="0" z_index="21" m_a="0.477254" m_b="-0.003083" m_c="0.001410" m_d="0.218254" m_tx="-0.550000" m_ty="-116.250000"/>
   <element name="parts" layername="parts_2" frame="1" z_index="24" m_a="-0.900192" m_b="-0.318757" m_c="0.319707" m_d="-0.902876" m_tx="-107.449997" m_ty="-119.300003"/>
  </frame>
 </anim>
 <anim name="opened" root="coonfur_sack" numframes="1050" framerate="40">
  <frame idx="0" w="554" h="542" x="-115.459473" y="-148.549988">
   <element name="crystalbase" layername="crystalbase" frame="0" z_index="20" m_a="1.032210" m_b="0.000000" m_c="0.000000" m_d="1.035260" m_tx="3.000000" m_ty="2.850000"/>
   <element name="Glow_FX" layername="Glow_FX" frame="0" z_index="21" m_a="0.477255" m_b="-0.003083" m_c="0.001410" m_d="0.218254" m_tx="-0.550007" m_ty="-116.250000"/>
   <element name="parts" layername="parts" frame="2" z_index="22" m_a="1.032210" m_b="0.000000" m_c="0.000000" m_d="1.035260" m_tx="3.000000" m_ty="-4.150000"/>
   <element name="parts" layername="parts" frame="3" z_index="23" m_a="-0.900192" m_b="-0.318757" m_c="0.319707" m_d="-0.902876" m_tx="-102.250000" m_ty="-135.949997"/>
   <element name="crystalbase" layername="crystalbase" frame="1" z_index="24" m_a="-0.900192" m_b="-0.318757" m_c="0.319707" m_d="-0.902876" m_tx="-97.449997" m_ty="-130.300003"/>
   <element name="ground" layername="ground" frame="0" z_index="25" m_a="1.392236" m_b="-0.098553" m_c="0.065616" m_d="0.926946" m_tx="-13.700000" m_ty="3.800000"/>
  </frame>
  <frame idx="25" w="554" h="542" x="-115.459473" y="-148.549988">
   <element name="crystalbase" layername="crystalbase" frame="0" z_index="20" m_a="1.032210" m_b="0.000000" m_c="0.000000" m_d="1.035260" m_tx="3.000000" m_ty="2.850000"/>
   <element name="Glow_FX" layername="Glow_FX" frame="0" z_index="21" m_a="0.478812" m_b="-0.003092" m_c="0.001416" m_d="0.219285" m_tx="-0.576967" m_ty="-116.313972"/>
   <element name="parts" layername="parts" frame="2" z_index="22" m_a="1.032210" m_b="0.000000" m_c="0.000000" m_d="1.035260" m_tx="3.000000" m_ty="-4.150000"/>
   <element name="parts" layername="parts" frame="3" z_index="23" m_a="-0.900192" m_b="-0.318757" m_c="0.319707" m_d="-0.902876" m_tx="-102.250000" m_ty="-135.949997"/>
   <element name="crystalbase" layername="crystalbase" frame="1" z_index="24" m_a="-0.900192" m_b="-0.318757" m_c="0.319707" m_d="-0.902876" m_tx="-97.449997" m_ty="-130.300003"/>
   <element name="ground" layername="ground" frame="0" z_index="25" m_a="1.392236" m_b="-0.098553" m_c="0.065616" m_d="0.926946" m_tx="-13.700000" m_ty="3.800000"/>
  </frame>
  <frame idx="50" w="554" h="542" x="-115.459473" y="-148.550003">
   <element name="crystalbase" layername="crystalbase" frame="0" z_index="20" m_a="1.032210" m_b="0.000000" m_c="0.000000" m_d="1.035260" m_tx="3.000000" m_ty="2.850000"/>
   <element name="Glow_FX" layername="Glow_FX" frame="0" z_index="21" m_a="0.480398" m_b="-0.003100" m_c="0.001422" m_d="0.220335" m_tx="-0.604447" m_ty="-116.378693"/>
   <element name="parts" layername="parts" frame="2" z_index="22" m_a="1.032210" m_b="0.000000" m_c="0.000000" m_d="1.035260" m_tx="3.000000" m_ty="-4.150000"/>
   <element name="parts" layername="parts" frame="3" z_index="23" m_a="-0.900192" m_b="-0.318757" m_c="0.319707" m_d="-0.902876" m_tx="-102.250000" m_ty="-135.949997"/>
   <element name="crystalbase" layername="crystalbase" frame="1" z_index="24" m_a="-0.900192" m_b="-0.318757" m_c="0.319707" m_d="-0.902876" m_tx="-97.449997" m_ty="-130.300003"/>
   <element name="ground" layername="ground" frame="0" z_index="25" m_a="1.392236" m_b="-0.098553" m_c="0.065616" m_d="0.926946" m_tx="-13.700000" m_ty="3.800000"/>
  </frame>
  <frame idx="75" w="554" h="542" x="-115.459473" y="-148.550003">
   <element name="crystalbase" layername="crystalbase" frame="0" z_index="20" m_a="1.032210" m_b="0.000000" m_c="0.000000" m_d="1.035260" m_tx="3.000000" m_ty="2.850000"/>
   <element name="Glow_FX" layername="Glow_FX" frame="0" z_index="21" m_a="0.482001" m_b="-0.003109" m_c="0.001428" m_d="0.221396" m_tx="-0.632220" m_ty="-116.444092"/>
   <element name="parts" layername="parts" frame="2" z_index="22" m_a="1.032210" m_b="0.000000" m_c="0.000000" m_d="1.035260" m_tx="3.000000" m_ty="-4.150000"/>
   <element name="parts" layername="parts" frame="3" z_index="23" m_a="-0.900192" m_b="-0.318757" m_c="0.319707" m_d="-0.902876" m_tx="-102.250000" m_ty="-135.949997"/>
   <element name="crystalbase" layername="crystalbase" frame="1" z_index="24" m_a="-0.900192" m_b="-0.318757" m_c="0.319707" m_d="-0.902876" m_tx="-97.449997" m_ty="-130.300003"/>
   <element name="ground" layername="ground" frame="0" z_index="25" m_a="1.392236" m_b="-0.098553" m_c="0.065616" m_d="0.926946" m_tx="-13.700000" m_ty="3.800000"/>
  </frame>
  <frame idx="100" w="554" h="542" x="-115.459473" y="-148.550003">
   <element name="crystalbase" layername="crystalbase" frame="0" z_index="20" m_a="1.032210" m_b="0.000000" m_c="0.000000" m_d="1.035260" m_tx="3.000000" m_ty="2.850000"/>
   <element name="Glow_FX" layername="Glow_FX" frame="0" z_index="21" m_a="0.483605" m_b="-0.003118" m_c="0.001434" m_d="0.222457" m_tx="-0.659996" m_ty="-116.510002"/>
   <element name="parts" layername="parts" frame="2" z_index="22" m_a="1.032210" m_b="0.000000" m_c="0.000000" m_d="1.035260" m_tx="3.000000" m_ty="-4.150000"/>
   <element name="parts" layername="parts" frame="3" z_index="23" m_a="-0.900192" m_b="-0.318757" m_c="0.319707" m_d="-0.902876" m_tx="-102.250000" m_ty="-135.949997"/>
   <element name="crystalbase" layername="crystalbase" frame="1" z_index="24" m_a="-0.900192" m_b="-0.318757" m_c="0.319707" m_d="-0.902876" m_tx="-97.449997" m_ty="-130.300003"/>
   <element name="ground" layername="ground" frame="0" z_index="25" m_a="1.392236" m_b="-0.098553" m_c="0.065616" m_d="0.926946" m_tx="-13.700000" m_ty="3.800000"/>
  </frame>
  <frame idx="125" w="554" h="542" x="-115.459473" y="-148.549988">
   <element name="crystalbase" layername="crystalbase" frame="0" z_index="20" m_a="1.032210" m_b="0.000000" m_c="0.000000" m_d="1.035260" m_tx="3.000000" m_ty="2.850000"/>
   <element name="Glow_FX" layername="Glow_FX" frame="0" z_index="21" m_a="0.485162" m_b="-0.003126" m_c="0.001440" m_d="0.223488" m_tx="-0.686961" m_ty="-116.573975"/>
   <element name="parts" layername="parts" frame="2" z_index="22" m_a="1.032210" m_b="0.000000" m_c="0.000000" m_d="1.035260" m_tx="3.000000" m_ty="-4.150000"/>
   <element name="parts" layername="parts" frame="3" z_index="23" m_a="-0.900192" m_b="-0.318757" m_c="0.319707" m_d="-0.902876" m_tx="-102.250000" m_ty="-135.949997"/>
   <element name="crystalbase" layername="crystalbase" frame="1" z_index="24" m_a="-0.900192" m_b="-0.318757" m_c="0.319707" m_d="-0.902876" m_tx="-97.449997" m_ty="-130.300003"/>
   <element name="ground" layername="ground" frame="0" z_index="25" m_a="1.392236" m_b="-0.098553" m_c="0.065616" m_d="0.926946" m_tx="-13.700000" m_ty="3.800000"/>
  </frame>
  <frame idx="150" w="554" h="542" x="-115.459473" y="-148.550003">
   <element name="crystalbase" layername="crystalbase" frame="0" z_index="20" m_a="1.032210" m_b="0.000000" m_c="0.000000" m_d="1.035260" m_tx="3.000000" m_ty="2.850000"/>
   <element name="Glow_FX" layername="Glow_FX" frame="0" z_index="21" m_a="0.486748" m_b="-0.003134" m_c="0.001446" m_d="0.224538" m_tx="-0.714446" m_ty="-116.638695"/>
   <element name="parts" layername="parts" frame="2" z_index="22" m_a="1.032210" m_b="0.000000" m_c="0.000000" m_d="1.035260" m_tx="3.000000" m_ty="-4.150000"/>
   <element name="parts" layername="parts" frame="3" z_index="23" m_a="-0.900192" m_b="-0.318757" m_c="0.319707" m_d="-0.902876" m_tx="-102.250000" m_ty="-135.949997"/>
   <element name="crystalbase" layername="crystalbase" frame="1" z_index="24" m_a="-0.900192" m_b="-0.318757" m_c="0.319707" m_d="-0.902876" m_tx="-97.449997" m_ty="-130.300003"/>
   <element name="ground" layername="ground" frame="0" z_index="25" m_a="1.392236" m_b="-0.098553" m_c="0.065616" m_d="0.926946" m_tx="-13.700000" m_ty="3.800000"/>
  </frame>
  <frame idx="175" w="554" h="542" x="-115.459473" y="-148.549988">
   <element name="crystalbase" layername="crystalbase" frame="0" z_index="20" m_a="1.032210" m_b="0.000000" m_c="0.000000" m_d="1.035260" m_tx="3.000000" m_ty="2.850000"/>
   <element name="Glow_FX" layername="Glow_FX" frame="0" z_index="21" m_a="0.488352" m_b="-0.003143" m_c="0.001452" m_d="0.225599" m_tx="-0.742224" m_ty="-116.704086"/>
   <element name="parts" layername="parts" frame="2" z_index="22" m_a="1.032210" m_b="0.000000" m_c="0.000000" m_d="1.035260" m_tx="3.000000" m_ty="-4.150000"/>
   <element name="parts" layername="parts" frame="3" z_index="23" m_a="-0.900192" m_b="-0.318757" m_c="0.319707" m_d="-0.902876" m_tx="-102.250000" m_ty="-135.949997"/>
   <element name="crystalbase" layername="crystalbase" frame="1" z_index="24" m_a="-0.900192" m_b="-0.318757" m_c="0.319707" m_d="-0.902876" m_tx="-97.449997" m_ty="-130.300003"/>
   <element name="ground" layername="ground" frame="0" z_index="25" m_a="1.392236" m_b="-0.098553" m_c="0.065616" m_d="0.926946" m_tx="-13.700000" m_ty="3.800000"/>
  </frame>
  <frame idx="200" w="554" h="542" x="-115.459473" y="-148.549988">
   <element name="crystalbase" layername="crystalbase" frame="0" z_index="20" m_a="1.032210" m_b="0.000000" m_c="0.000000" m_d="1.035260" m_tx="3.000000" m_ty="2.850000"/>
   <element name="Glow_FX" layername="Glow_FX" frame="0" z_index="21" m_a="0.489956" m_b="-0.003152" m_c="0.001458" m_d="0.226661" m_tx="-0.770003" m_ty="-116.769997"/>
   <element name="parts" layername="parts" frame="2" z_index="22" m_a="1.032210" m_b="0.000000" m_c="0.000000" m_d="1.035260" m_tx="3.000000" m_ty="-4.150000"/>
   <element name="parts" layername="parts" frame="3" z_index="23" m_a="-0.900192" m_b="-0.318757" m_c="0.319707" m_d="-0.902876" m_tx="-102.250000" m_ty="-135.949997"/>
   <element name="crystalbase" layername="crystalbase" frame="1" z_index="24" m_a="-0.900192" m_b="-0.318757" m_c="0.319707" m_d="-0.902876" m_tx="-97.449997" m_ty="-130.300003"/>
   <element name="ground" layername="ground" frame="0" z_index="25" m_a="1.392236" m_b="-0.098553" m_c="0.065616" m_d="0.926946" m_tx="-13.700000" m_ty="3.800000"/>
  </frame>
  <frame idx="225" w="554" h="542" x="-115.459473" y="-148.549988">
   <element name="crystalbase" layername="crystalbase" frame="0" z_index="20" m_a="1.032210" m_b="0.000000" m_c="0.000000" m_d="1.035260" m_tx="3.000000" m_ty="2.850000"/>
   <element name="Glow_FX" layername="Glow_FX" frame="0" z_index="21" m_a="0.491512" m_b="-0.003160" m_c="0.001464" m_d="0.227691" m_tx="-0.796964" m_ty="-116.833969"/>
   <element name="parts" layername="parts" frame="2" z_index="22" m_a="1.032210" m_b="0.000000" m_c="0.000000" m_d="1.035260" m_tx="3.000000" m_ty="-4.150000"/>
   <element name="parts" layername="parts" frame="3" z_index="23" m_a="-0.900192" m_b="-0.318757" m_c="0.319707" m_d="-0.902876" m_tx="-102.250000" m_ty="-135.949997"/>
   <element name="crystalbase" layername="crystalbase" frame="1" z_index="24" m_a="-0.900192" m_b="-0.318757" m_c="0.319707" m_d="-0.902876" m_tx="-97.449997" m_ty="-130.300003"/>
   <element name="ground" layername="ground" frame="0" z_index="25" m_a="1.392236" m_b="-0.098553" m_c="0.065616" m_d="0.926946" m_tx="-13.700000" m_ty="3.800000"/>
  </frame>
  <frame idx="250" w="554" h="542" x="-115.459473" y="-148.550003">
   <element name="crystalbase" layername="crystalbase" frame="0" z_index="20" m_a="1.032210" m_b="0.000000" m_c="0.000000" m_d="1.035260" m_tx="3.000000" m_ty="2.850000"/>
   <element name="Glow_FX" layername="Glow_FX" frame="0" z_index="21" m_a="0.493099" m_b="-0.003169" m_c="0.001470" m_d="0.228741" m_tx="-0.824444" m_ty="-116.898697"/>
   <element name="parts" layername="parts" frame="2" z_index="22" m_a="1.032210" m_b="0.000000" m_c="0.000000" m_d="1.035260" m_tx="3.000000" m_ty="-4.150000"/>
   <element name="parts" layername="parts" frame="3" z_index="23" m_a="-0.900192" m_b="-0.318757" m_c="0.319707" m_d="-0.902876" m_tx="-102.250000" m_ty="-135.949997"/>
   <element name="crystalbase" layername="crystalbase" frame="1" z_index="24" m_a="-0.900192" m_b="-0.318757" m_c="0.319707" m_d="-0.902876" m_tx="-97.449997" m_ty="-130.300003"/>
   <element name="ground" layername="ground" frame="0" z_index="25" m_a="1.392236" m_b="-0.098553" m_c="0.065616" m_d="0.926946" m_tx="-13.700000" m_ty="3.800000"/>
  </frame>
  <frame idx="275" w="554" h="542" x="-115.459473" y="-148.549988">
   <element name="crystalbase" layername="crystalbase" frame="0" z_index="20" m_a="1.032210" m_b="0.000000" m_c="0.000000" m_d="1.035260" m_tx="3.000000" m_ty="2.850000"/>
   <element name="Glow_FX" layername="Glow_FX" frame="0" z_index="21" m_a="0.494702" m_b="-0.003177" m_c="0.001476" m_d="0.229802" m_tx="-0.852218" m_ty="-116.964088"/>
   <element name="parts" layername="parts" frame="2" z_index="22" m_a="1.032210" m_b="0.000000" m_c="0.000000" m_d="1.035260" m_tx="3.000000" m_ty="-4.150000"/>
   <element name="parts" layername="parts" frame="3" z_index="23" m_a="-0.900192" m_b="-0.318757" m_c="0.319707" m_d="-0.902876" m_tx="-102.250000" m_ty="-135.949997"/>
   <element name="crystalbase" layername="crystalbase" frame="1" z_index="24" m_a="-0.900192" m_b="-0.318757" m_c="0.319707" m_d="-0.902876" m_tx="-97.449997" m_ty="-130.300003"/>
   <element name="ground" layername="ground" frame="0" z_index="25" m_a="1.392236" m_b="-0.098553" m_c="0.065616" m_d="0.926946" m_tx="-13.700000" m_ty="3.800000"/>
  </frame>
  <frame idx="300" w="554" h="542" x="-115.459473" y="-148.550003">
   <element name="crystalbase" layername="crystalbase" frame="0" z_index="20" m_a="1.032210" m_b="0.000000" m_c="0.000000" m_d="1.035260" m_tx="3.000000" m_ty="2.850000"/>
   <element name="Glow_FX" layername="Glow_FX" frame="0" z_index="21" m_a="0.496306" m_b="-0.003186" m_c="0.001482" m_d="0.230864" m_tx="-0.879997" m_ty="-117.029999"/>
   <element name="parts" layername="parts" frame="2" z_index="22" m_a="1.032210" m_b="0.000000" m_c="0.000000" m_d="1.035260" m_tx="3.000000" m_ty="-4.150000"/>
   <element name="parts" layername="parts" frame="3" z_index="23" m_a="-0.900192" m_b="-0.318757" m_c="0.319707" m_d="-0.902876" m_tx="-102.250000" m_ty="-135.949997"/>
   <element name="crystalbase" layername="crystalbase" frame="1" z_index="24" m_a="-0.900192" m_b="-0.318757" m_c="0.319707" m_d="-0.902876" m_tx="-97.449997" m_ty="-130.300003"/>
   <element name="ground" layername="ground" frame="0" z_index="25" m_a="1.392236" m_b="-0.098553" m_c="0.065616" m_d="0.926946" m_tx="-13.700000" m_ty="3.800000"/>
  </frame>
  <frame idx="325" w="554" h="542" x="-115.459473" y="-148.549988">
   <element name="crystalbase" layername="crystalbase" frame="0" z_index="20" m_a="1.032210" m_b="0.000000" m_c="0.000000" m_d="1.035260" m_tx="3.000000" m_ty="2.850000"/>
   <element name="Glow_FX" layername="Glow_FX" frame="0" z_index="21" m_a="0.497862" m_b="-0.003194" m_c="0.001488" m_d="0.231894" m_tx="-0.906959" m_ty="-117.093971"/>
   <element name="parts" layername="parts" frame="2" z_index="22" m_a="1.032210" m_b="0.000000" m_c="0.000000" m_d="1.035260" m_tx="3.000000" m_ty="-4.150000"/>
   <element name="parts" layername="parts" frame="3" z_index="23" m_a="-0.900192" m_b="-0.318757" m_c="0.319707" m_d="-0.902876" m_tx="-102.250000" m_ty="-135.949997"/>
   <element name="crystalbase" layername="crystalbase" frame="1" z_index="24" m_a="-0.900192" m_b="-0.318757" m_c="0.319707" m_d="-0.902876" m_tx="-97.449997" m_ty="-130.300003"/>
   <element name="ground" layername="ground" frame="0" z_index="25" m_a="1.392236" m_b="-0.098553" m_c="0.065616" m_d="0.926946" m_tx="-13.700000" m_ty="3.800000"/>
  </frame>
  <frame idx="350" w="554" h="542" x="-115.459473" y="-148.549988">
   <element name="crystalbase" layername="crystalbase" frame="0" z_index="20" m_a="1.032210" m_b="0.000000" m_c="0.000000" m_d="1.035260" m_tx="3.000000" m_ty="2.850000"/>
   <element name="Glow_FX" layername="Glow_FX" frame="0" z_index="21" m_a="0.499449" m_b="-0.003202" m_c="0.001494" m_d="0.232944" m_tx="-0.934444" m_ty="-117.158699"/>
   <element name="parts" layername="parts" frame="2" z_index="22" m_a="1.032210" m_b="0.000000" m_c="0.000000" m_d="1.035260" m_tx="3.000000" m_ty="-4.150000"/>
   <element name="parts" layername="parts" frame="3" z_index="23" m_a="-0.900192" m_b="-0.318757" m_c="0.319707" m_d="-0.902876" m_tx="-102.250000" m_ty="-135.949997"/>
   <element name="crystalbase" layername="crystalbase" frame="1" z_index="24" m_a="-0.900192" m_b="-0.318757" m_c="0.319707" m_d="-0.902876" m_tx="-97.449997" m_ty="-130.300003"/>
   <element name="ground" layername="ground" frame="0" z_index="25" m_a="1.392236" m_b="-0.098553" m_c="0.065616" m_d="0.926946" m_tx="-13.700000" m_ty="3.800000"/>
  </frame>
  <frame idx="375" w="554" h="542" x="-115.459473" y="-148.549988">
   <element name="crystalbase" layername="crystalbase" frame="0" z_index="20" m_a="1.032210" m_b="0.000000" m_c="0.000000" m_d="1.035260" m_tx="3.000000" m_ty="2.850000"/>
   <element name="Glow_FX" layername="Glow_FX" frame="0" z_index="21" m_a="0.501053" m_b="-0.003211" m_c="0.001500" m_d="0.234006" m_tx="-0.962223" m_ty="-117.224091"/>
   <element name="parts" layername="parts" frame="2" z_index="22" m_a="1.032210" m_b="0.000000" m_c="0.000000" m_d="1.035260" m_tx="3.000000" m_ty="-4.150000"/>
   <element name="parts" layername="parts" frame="3" z_index="23" m_a="-0.900192" m_b="-0.318757" m_c="0.319707" m_d="-0.902876" m_tx="-102.250000" m_ty="-135.949997"/>
   <element name="crystalbase" layername="crystalbase" frame="1" z_index="24" m_a="-0.900192" m_b="-0.318757" m_c="0.319707" m_d="-0.902876" m_tx="-97.449997" m_ty="-130.300003"/>
   <element name="ground" layername="ground" frame="0" z_index="25" m_a="1.392236" m_b="-0.098553" m_c="0.065616" m_d="0.926946" m_tx="-13.700000" m_ty="3.800000"/>
  </frame>
  <frame idx="400" w="554" h="542" x="-115.459473" y="-148.550003">
   <element name="crystalbase" layername="crystalbase" frame="0" z_index="20" m_a="1.032210" m_b="0.000000" m_c="0.000000" m_d="1.035260" m_tx="3.000000" m_ty="2.850000"/>
   <element name="Glow_FX" layername="Glow_FX" frame="0" z_index="21" m_a="0.502657" m_b="-0.003219" m_c="0.001506" m_d="0.235067" m_tx="-0.989997" m_ty="-117.290001"/>
   <element name="parts" layername="parts" frame="2" z_index="22" m_a="1.032210" m_b="0.000000" m_c="0.000000" m_d="1.035260" m_tx="3.000000" m_ty="-4.150000"/>
   <element name="parts" layername="parts" frame="3" z_index="23" m_a="-0.900192" m_b="-0.318757" m_c="0.319707" m_d="-0.902876" m_tx="-102.250000" m_ty="-135.949997"/>
   <element name="crystalbase" layername="crystalbase" frame="1" z_index="24" m_a="-0.900192" m_b="-0.318757" m_c="0.319707" m_d="-0.902876" m_tx="-97.449997" m_ty="-130.300003"/>
   <element name="ground" layername="ground" frame="0" z_index="25" m_a="1.392236" m_b="-0.098553" m_c="0.065616" m_d="0.926946" m_tx="-13.700000" m_ty="3.800000"/>
  </frame>
  <frame idx="425" w="554" h="542" x="-115.459473" y="-148.550003">
   <element name="crystalbase" layername="crystalbase" frame="0" z_index="20" m_a="1.032210" m_b="0.000000" m_c="0.000000" m_d="1.035260" m_tx="3.000000" m_ty="2.850000"/>
   <element name="Glow_FX" layername="Glow_FX" frame="0" z_index="21" m_a="0.504213" m_b="-0.003228" m_c="0.001511" m_d="0.236097" m_tx="-1.016962" m_ty="-117.353973"/>
   <element name="parts" layername="parts" frame="2" z_index="22" m_a="1.032210" m_b="0.000000" m_c="0.000000" m_d="1.035260" m_tx="3.000000" m_ty="-4.150000"/>
   <element name="parts" layername="parts" frame="3" z_index="23" m_a="-0.900192" m_b="-0.318757" m_c="0.319707" m_d="-0.902876" m_tx="-102.250000" m_ty="-135.949997"/>
   <element name="crystalbase" layername="crystalbase" frame="1" z_index="24" m_a="-0.900192" m_b="-0.318757" m_c="0.319707" m_d="-0.902876" m_tx="-97.449997" m_ty="-130.300003"/>
   <element name="ground" layername="ground" frame="0" z_index="25" m_a="1.392236" m_b="-0.098553" m_c="0.065616" m_d="0.926946" m_tx="-13.700000" m_ty="3.800000"/>
  </frame>
  <frame idx="450" w="554" h="542" x="-115.459473" y="-148.549988">
   <element name="crystalbase" layername="crystalbase" frame="0" z_index="20" m_a="1.032210" m_b="0.000000" m_c="0.000000" m_d="1.035260" m_tx="3.000000" m_ty="2.850000"/>
   <element name="Glow_FX" layername="Glow_FX" frame="0" z_index="21" m_a="0.505800" m_b="-0.003236" m_c="0.001517" m_d="0.237147" m_tx="-1.044445" m_ty="-117.418694"/>
   <element name="parts" layername="parts" frame="2" z_index="22" m_a="1.032210" m_b="0.000000" m_c="0.000000" m_d="1.035260" m_tx="3.000000" m_ty="-4.150000"/>
   <element name="parts" layername="parts" frame="3" z_index="23" m_a="-0.900192" m_b="-0.318757" m_c="0.319707" m_d="-0.902876" m_tx="-102.250000" m_ty="-135.949997"/>
   <element name="crystalbase" layername="crystalbase" frame="1" z_index="24" m_a="-0.900192" m_b="-0.318757" m_c="0.319707" m_d="-0.902876" m_tx="-97.449997" m_ty="-130.300003"/>
   <element name="ground" layername="ground" frame="0" z_index="25" m_a="1.392236" m_b="-0.098553" m_c="0.065616" m_d="0.926946" m_tx="-13.700000" m_ty="3.800000"/>
  </frame>
  <frame idx="475" w="554" h="542" x="-115.459473" y="-148.549988">
   <element name="crystalbase" layername="crystalbase" frame="0" z_index="20" m_a="1.032210" m_b="0.000000" m_c="0.000000" m_d="1.035260" m_tx="3.000000" m_ty="2.850000"/>
   <element name="Glow_FX" layername="Glow_FX" frame="0" z_index="21" m_a="0.507404" m_b="-0.003245" m_c="0.001523" m_d="0.238209" m_tx="-1.072217" m_ty="-117.484093"/>
   <element name="parts" layername="parts" frame="2" z_index="22" m_a="1.032210" m_b="0.000000" m_c="0.000000" m_d="1.035260" m_tx="3.000000" m_ty="-4.150000"/>
   <element name="parts" layername="parts" frame="3" z_index="23" m_a="-0.900192" m_b="-0.318757" m_c="0.319707" m_d="-0.902876" m_tx="-102.250000" m_ty="-135.949997"/>
   <element name="crystalbase" layername="crystalbase" frame="1" z_index="24" m_a="-0.900192" m_b="-0.318757" m_c="0.319707" m_d="-0.902876" m_tx="-97.449997" m_ty="-130.300003"/>
   <element name="ground" layername="ground" frame="0" z_index="25" m_a="1.392236" m_b="-0.098553" m_c="0.065616" m_d="0.926946" m_tx="-13.700000" m_ty="3.800000"/>
  </frame>
  <frame idx="500" w="554" h="542" x="-115.459473" y="-148.549988">
   <element name="crystalbase" layername="crystalbase" frame="0" z_index="20" m_a="1.032210" m_b="0.000000" m_c="0.000000" m_d="1.035260" m_tx="3.000000" m_ty="2.850000"/>
   <element name="Glow_FX" layername="Glow_FX" frame="0" z_index="21" m_a="0.509008" m_b="-0.003253" m_c="0.001529" m_d="0.239270" m_tx="-1.099990" m_ty="-117.550003"/>
   <element name="parts" layername="parts" frame="2" z_index="22" m_a="1.032210" m_b="0.000000" m_c="0.000000" m_d="1.035260" m_tx="3.000000" m_ty="-4.150000"/>
   <element name="parts" layername="parts" frame="3" z_index="23" m_a="-0.900192" m_b="-0.318757" m_c="0.319707" m_d="-0.902876" m_tx="-102.250000" m_ty="-135.949997"/>
   <element name="crystalbase" layername="crystalbase" frame="1" z_index="24" m_a="-0.900192" m_b="-0.318757" m_c="0.319707" m_d="-0.902876" m_tx="-97.449997" m_ty="-130.300003"/>
   <element name="ground" layername="ground" frame="0" z_index="25" m_a="1.392236" m_b="-0.098553" m_c="0.065616" m_d="0.926946" m_tx="-13.700000" m_ty="3.800000"/>
  </frame>
  <frame idx="525" w="554" h="542" x="-115.459473" y="-148.549988">
   <element name="crystalbase" layername="crystalbase" frame="0" z_index="20" m_a="1.032210" m_b="0.000000" m_c="0.000000" m_d="1.035260" m_tx="3.000000" m_ty="2.850000"/>
   <element name="Glow_FX" layername="Glow_FX" frame="0" z_index="21" m_a="0.507548" m_b="-0.003245" m_c="0.001524" m_d="0.238304" m_tx="-1.074718" m_ty="-117.490440"/>
   <element name="parts" layername="parts" frame="2" z_index="22" m_a="1.032210" m_b="0.000000" m_c="0.000000" m_d="1.035260" m_tx="3.000000" m_ty="-4.150000"/>
   <element name="parts" layername="parts" frame="3" z_index="23" m_a="-0.900192" m_b="-0.318757" m_c="0.319707" m_d="-0.902876" m_tx="-102.250000" m_ty="-135.949997"/>
   <element name="crystalbase" layername="crystalbase" frame="1" z_index="24" m_a="-0.900192" m_b="-0.318757" m_c="0.319707" m_d="-0.902876" m_tx="-97.449997" m_ty="-130.300003"/>
   <element name="ground" layername="ground" frame="0" z_index="25" m_a="1.392236" m_b="-0.098553" m_c="0.065616" m_d="0.926946" m_tx="-13.700000" m_ty="3.800000"/>
  </frame>
  <frame idx="550" w="554" h="542" x="-115.459473" y="-148.550003">
   <element name="crystalbase" layername="crystalbase" frame="0" z_index="20" m_a="1.032210" m_b="0.000000" m_c="0.000000" m_d="1.035260" m_tx="3.000000" m_ty="2.850000"/>
   <element name="Glow_FX" layername="Glow_FX" frame="0" z_index="21" m_a="0.506061" m_b="-0.003238" m_c="0.001518" m_d="0.237320" m_tx="-1.048961" m_ty="-117.429245"/>
   <element name="parts" layername="parts" frame="2" z_index="22" m_a="1.032210" m_b="0.000000" m_c="0.000000" m_d="1.035260" m_tx="3.000000" m_ty="-4.150000"/>
   <element name="parts" layername="parts" frame="3" z_index="23" m_a="-0.900192" m_b="-0.318757" m_c="0.319707" m_d="-0.902876" m_tx="-102.250000" m_ty="-135.949997"/>
   <element name="crystalbase" layername="crystalbase" frame="1" z_index="24" m_a="-0.900192" m_b="-0.318757" m_c="0.319707" m_d="-0.902876" m_tx="-97.449997" m_ty="-130.300003"/>
   <element name="ground" layername="ground" frame="0" z_index="25" m_a="1.392236" m_b="-0.098553" m_c="0.065616" m_d="0.926946" m_tx="-13.700000" m_ty="3.800000"/>
  </frame>
  <frame idx="575" w="554" h="542" x="-115.459473" y="-148.550003">
   <element name="crystalbase" layername="crystalbase" frame="0" z_index="20" m_a="1.032210" m_b="0.000000" m_c="0.000000" m_d="1.035260" m_tx="3.000000" m_ty="2.850000"/>
   <element name="Glow_FX" layername="Glow_FX" frame="0" z_index="21" m_a="0.504557" m_b="-0.003230" m_c="0.001513" m_d="0.236325" m_tx="-1.022925" m_ty="-117.367363"/>
   <element name="parts" layername="parts" frame="2" z_index="22" m_a="1.032210" m_b="0.000000" m_c="0.000000" m_d="1.035260" m_tx="3.000000" m_ty="-4.150000"/>
   <element name="parts" layername="parts" frame="3" z_index="23" m_a="-0.900192" m_b="-0.318757" m_c="0.319707" m_d="-0.902876" m_tx="-102.250000" m_ty="-135.949997"/>
   <element name="crystalbase" layername="crystalbase" frame="1" z_index="24" m_a="-0.900192" m_b="-0.318757" m_c="0.319707" m_d="-0.902876" m_tx="-97.449997" m_ty="-130.300003"/>
   <element name="ground" layername="ground" frame="0" z_index="25" m_a="1.392236" m_b="-0.098553" m_c="0.065616" m_d="0.926946" m_tx="-13.700000" m_ty="3.800000"/>
  </frame>
  <frame idx="600" w="554" h="542" x="-115.459473" y="-148.549988">
   <element name="crystalbase" layername="crystalbase" frame="0" z_index="20" m_a="1.032210" m_b="0.000000" m_c="0.000000" m_d="1.035260" m_tx="3.000000" m_ty="2.850000"/>
   <element name="Glow_FX" layername="Glow_FX" frame="0" z_index="21" m_a="0.503054" m_b="-0.003222" m_c="0.001507" m_d="0.235330" m_tx="-0.996876" m_ty="-117.306000"/>
   <element name="parts" layername="parts" frame="2" z_index="22" m_a="1.032210" m_b="0.000000" m_c="0.000000" m_d="1.035260" m_tx="3.000000" m_ty="-4.150000"/>
   <element name="parts" layername="parts" frame="3" z_index="23" m_a="-0.900192" m_b="-0.318757" m_c="0.319707" m_d="-0.902876" m_tx="-102.250000" m_ty="-135.949997"/>
   <element name="crystalbase" layername="crystalbase" frame="1" z_index="24" m_a="-0.900192" m_b="-0.318757" m_c="0.319707" m_d="-0.902876" m_tx="-97.449997" m_ty="-130.300003"/>
   <element name="ground" layername="ground" frame="0" z_index="25" m_a="1.392236" m_b="-0.098553" m_c="0.065616" m_d="0.926946" m_tx="-13.700000" m_ty="3.800000"/>
  </frame>
  <frame idx="625" w="554" h="542" x="-115.459473" y="-148.550003">
   <element name="crystalbase" layername="crystalbase" frame="0" z_index="20" m_a="1.032210" m_b="0.000000" m_c="0.000000" m_d="1.035260" m_tx="3.000000" m_ty="2.850000"/>
   <element name="Glow_FX" layername="Glow_FX" frame="0" z_index="21" m_a="0.501594" m_b="-0.003214" m_c="0.001502" m_d="0.234364" m_tx="-0.971598" m_ty="-117.246437"/>
   <element name="parts" layername="parts" frame="2" z_index="22" m_a="1.032210" m_b="0.000000" m_c="0.000000" m_d="1.035260" m_tx="3.000000" m_ty="-4.150000"/>
   <element name="parts" layername="parts" frame="3" z_index="23" m_a="-0.900192" m_b="-0.318757" m_c="0.319707" m_d="-0.902876" m_tx="-102.250000" m_ty="-135.949997"/>
   <element name="crystalbase" layername="crystalbase" frame="1" z_index="24" m_a="-0.900192" m_b="-0.318757" m_c="0.319707" m_d="-0.902876" m_tx="-97.449997" m_ty="-130.300003"/>
   <element name="ground" layername="ground" frame="0" z_index="25" m_a="1.392236" m_b="-0.098553" m_c="0.065616" m_d="0.926946" m_tx="-13.700000" m_ty="3.800000"/>
  </frame>
  <frame idx="650" w="554" h="542" x="-115.459473" y="-148.550003">
   <element name="crystalbase" layername="crystalbase" frame="0" z_index="20" m_a="1.032210" m_b="0.000000" m_c="0.000000" m_d="1.035260" m_tx="3.000000" m_ty="2.850000"/>
   <element name="Glow_FX" layername="Glow_FX" frame="0" z_index="21" m_a="0.500107" m_b="-0.003206" m_c="0.001496" m_d="0.233380" m_tx="-0.945833" m_ty="-117.185722"/>
   <element name="parts" layername="parts" frame="2" z_index="22" m_a="1.032210" m_b="0.000000" m_c="0.000000" m_d="1.035260" m_tx="3.000000" m_ty="-4.150000"/>
   <element name="parts" layername="parts" frame="3" z_index="23" m_a="-0.900192" m_b="-0.318757" m_c="0.319707" m_d="-0.902876" m_tx="-102.250000" m_ty="-135.949997"/>
   <element name="crystalbase" layername="crystalbase" frame="1" z_index="24" m_a="-0.900192" m_b="-0.318757" m_c="0.319707" m_d="-0.902876" m_tx="-97.449997" m_ty="-130.300003"/>
   <element name="ground" layername="ground" frame="0" z_index="25" m_a="1.392236" m_b="-0.098553" m_c="0.065616" m_d="0.926946" m_tx="-13.700000" m_ty="3.800000"/>
  </frame>
  <frame idx="675" w="554" h="542" x="-115.459473" y="-148.549988">
   <element name="crystalbase" layername="crystalbase" frame="0" z_index="20" m_a="1.032210" m_b="0.000000" m_c="0.000000" m_d="1.035260" m_tx="3.000000" m_ty="2.850000"/>
   <element name="Glow_FX" layername="Glow_FX" frame="0" z_index="21" m_a="0.498604" m_b="-0.003198" m_c="0.001490" m_d="0.232385" m_tx="-0.919793" m_ty="-117.124359"/>
   <element name="parts" layername="parts" frame="2" z_index="22" m_a="1.032210" m_b="0.000000" m_c="0.000000" m_d="1.035260" m_tx="3.000000" m_ty="-4.150000"/>
   <element name="parts" layername="parts" frame="3" z_index="23" m_a="-0.900192" m_b="-0.318757" m_c="0.319707" m_d="-0.902876" m_tx="-102.250000" m_ty="-135.949997"/>
   <element name="crystalbase" layername="crystalbase" frame="1" z_index="24" m_a="-0.900192" m_b="-0.318757" m_c="0.319707" m_d="-0.902876" m_tx="-97.449997" m_ty="-130.300003"/>
   <element name="ground" layername="ground" frame="0" z_index="25" m_a="1.392236" m_b="-0.098553" m_c="0.065616" m_d="0.926946" m_tx="-13.700000" m_ty="3.800000"/>
  </frame>
  <frame idx="700" w="554" h="542" x="-115.459473" y="-148.549988">
   <element name="crystalbase" layername="crystalbase" frame="0" z_index="20" m_a="1.032210" m_b="0.000000" m_c="0.000000" m_d="1.035260" m_tx="3.000000" m_ty="2.850000"/>
   <element name="Glow_FX" layername="Glow_FX" frame="0" z_index="21" m_a="0.497100" m_b="-0.003190" m_c="0.001485" m_d="0.231389" m_tx="-0.893750" m_ty="-117.063004"/>
   <element name="parts" layername="parts" frame="2" z_index="22" m_a="1.032210" m_b="0.000000" m_c="0.000000" m_d="1.035260" m_tx="3.000000" m_ty="-4.150000"/>
   <element name="parts" layername="parts" frame="3" z_index="23" m_a="-0.900192" m_b="-0.318757" m_c="0.319707" m_d="-0.902876" m_tx="-102.250000" m_ty="-135.949997"/>
   <element name="crystalbase" layername="crystalbase" frame="1" z_index="24" m_a="-0.900192" m_b="-0.318757" m_c="0.319707" m_d="-0.902876" m_tx="-97.449997" m_ty="-130.300003"/>
   <element name="ground" layername="ground" frame="0" z_index="25" m_a="1.392236" m_b="-0.098553" m_c="0.065616" m_d="0.926946" m_tx="-13.700000" m_ty="3.800000"/>
  </frame>
  <frame idx="725" w="554" h="542" x="-115.459473" y="-148.550003">
   <element name="crystalbase" layername="crystalbase" frame="0" z_index="20" m_a="1.032210" m_b="0.000000" m_c="0.000000" m_d="1.035260" m_tx="3.000000" m_ty="2.850000"/>
   <element name="Glow_FX" layername="Glow_FX" frame="0" z_index="21" m_a="0.495641" m_b="-0.003182" m_c="0.001479" m_d="0.230424" m_tx="-0.868477" m_ty="-117.002708"/>
   <element name="parts" layername="parts" frame="2" z_index="22" m_a="1.032210" m_b="0.000000" m_c="0.000000" m_d="1.035260" m_tx="3.000000" m_ty="-4.150000"/>
   <element name="parts" layername="parts" frame="3" z_index="23" m_a="-0.900192" m_b="-0.318757" m_c="0.319707" m_d="-0.902876" m_tx="-102.250000" m_ty="-135.949997"/>
   <element name="crystalbase" layername="crystalbase" frame="1" z_index="24" m_a="-0.900192" m_b="-0.318757" m_c="0.319707" m_d="-0.902876" m_tx="-97.449997" m_ty="-130.300003"/>
   <element name="ground" layername="ground" frame="0" z_index="25" m_a="1.392236" m_b="-0.098553" m_c="0.065616" m_d="0.926946" m_tx="-13.700000" m_ty="3.800000"/>
  </frame>
  <frame idx="750" w="554" h="542" x="-115.459473" y="-148.549988">
   <element name="crystalbase" layername="crystalbase" frame="0" z_index="20" m_a="1.032210" m_b="0.000000" m_c="0.000000" m_d="1.035260" m_tx="3.000000" m_ty="2.850000"/>
   <element name="Glow_FX" layername="Glow_FX" frame="0" z_index="21" m_a="0.494153" m_b="-0.003174" m_c="0.001474" m_d="0.229439" m_tx="-0.842709" m_ty="-116.941727"/>
   <element name="parts" layername="parts" frame="2" z_index="22" m_a="1.032210" m_b="0.000000" m_c="0.000000" m_d="1.035260" m_tx="3.000000" m_ty="-4.150000"/>
   <element name="parts" layername="parts" frame="3" z_index="23" m_a="-0.900192" m_b="-0.318757" m_c="0.319707" m_d="-0.902876" m_tx="-102.250000" m_ty="-135.949997"/>
   <element name="crystalbase" layername="crystalbase" frame="1" z_index="24" m_a="-0.900192" m_b="-0.318757" m_c="0.319707" m_d="-0.902876" m_tx="-97.449997" m_ty="-130.300003"/>
   <element name="ground" layername="ground" frame="0" z_index="25" m_a="1.392236" m_b="-0.098553" m_c="0.065616" m_d="0.926946" m_tx="-13.700000" m_ty="3.800000"/>
  </frame>
  <frame idx="775" w="554" h="542" x="-115.459473" y="-148.550003">
   <element name="crystalbase" layername="crystalbase" frame="0" z_index="20" m_a="1.032210" m_b="0.000000" m_c="0.000000" m_d="1.035260" m_tx="3.000000" m_ty="2.850000"/>
   <element name="Glow_FX" layername="Glow_FX" frame="0" z_index="21" m_a="0.492650" m_b="-0.003166" m_c="0.001468" m_d="0.228444" m_tx="-0.816665" m_ty="-116.880363"/>
   <element name="parts" layername="parts" frame="2" z_index="22" m_a="1.032210" m_b="0.000000" m_c="0.000000" m_d="1.035260" m_tx="3.000000" m_ty="-4.150000"/>
   <element name="parts" layername="parts" frame="3" z_index="23" m_a="-0.900192" m_b="-0.318757" m_c="0.319707" m_d="-0.902876" m_tx="-102.250000" m_ty="-135.949997"/>
   <element name="crystalbase" layername="crystalbase" frame="1" z_index="24" m_a="-0.900192" m_b="-0.318757" m_c="0.319707" m_d="-0.902876" m_tx="-97.449997" m_ty="-130.300003"/>
   <element name="ground" layername="ground" frame="0" z_index="25" m_a="1.392236" m_b="-0.098553" m_c="0.065616" m_d="0.926946" m_tx="-13.700000" m_ty="3.800000"/>
  </frame>
  <frame idx="800" w="554" h="542" x="-115.459473" y="-148.550003">
   <element name="crystalbase" layername="crystalbase" frame="0" z_index="20" m_a="1.032210" m_b="0.000000" m_c="0.000000" m_d="1.035260" m_tx="3.000000" m_ty="2.850000"/>
   <element name="Glow_FX" layername="Glow_FX" frame="0" z_index="21" m_a="0.491147" m_b="-0.003158" m_c="0.001462" m_d="0.227449" m_tx="-0.790626" m_ty="-116.819000"/>
   <element name="parts" layername="parts" frame="2" z_index="22" m_a="1.032210" m_b="0.000000" m_c="0.000000" m_d="1.035260" m_tx="3.000000" m_ty="-4.150000"/>
   <element name="parts" layername="parts" frame="3" z_index="23" m_a="-0.900192" m_b="-0.318757" m_c="0.319707" m_d="-0.902876" m_tx="-102.250000" m_ty="-135.949997"/>
   <element name="crystalbase" layername="crystalbase" frame="1" z_index="24" m_a="-0.900192" m_b="-0.318757" m_c="0.319707" m_d="-0.902876" m_tx="-97.449997" m_ty="-130.300003"/>
   <element name="ground" layername="ground" frame="0" z_index="25" m_a="1.392236" m_b="-0.098553" m_c="0.065616" m_d="0.926946" m_tx="-13.700000" m_ty="3.800000"/>
  </frame>
  <frame idx="825" w="554" h="542" x="-115.459473" y="-148.550003">
   <element name="crystalbase" layername="crystalbase" frame="0" z_index="20" m_a="1.032210" m_b="0.000000" m_c="0.000000" m_d="1.035260" m_tx="3.000000" m_ty="2.850000"/>
   <element name="Glow_FX" layername="Glow_FX" frame="0" z_index="21" m_a="0.489687" m_b="-0.003150" m_c="0.001457" m_d="0.226483" m_tx="-0.765348" m_ty="-116.759438"/>
   <element name="parts" layername="parts" frame="2" z_index="22" m_a="1.032210" m_b="0.000000" m_c="0.000000" m_d="1.035260" m_tx="3.000000" m_ty="-4.150000"/>
   <element name="parts" layername="parts" frame="3" z_index="23" m_a="-0.900192" m_b="-0.318757" m_c="0.319707" m_d="-0.902876" m_tx="-102.250000" m_ty="-135.949997"/>
   <element name="crystalbase" layername="crystalbase" frame="1" z_index="24" m_a="-0.900192" m_b="-0.318757" m_c="0.319707" m_d="-0.902876" m_tx="-97.449997" m_ty="-130.300003"/>
   <element name="ground" layername="ground" frame="0" z_index="25" m_a="1.392236" m_b="-0.098553" m_c="0.065616" m_d="0.926946" m_tx="-13.700000" m_ty="3.800000"/>
  </frame>
  <frame idx="850" w="554" h="542" x="-115.459473" y="-148.549988">
   <element name="crystalbase" layername="crystalbase" frame="0" z_index="20" m_a="1.032210" m_b="0.000000" m_c="0.000000" m_d="1.035260" m_tx="3.000000" m_ty="2.850000"/>
   <element name="Glow_FX" layername="Glow_FX" frame="0" z_index="21" m_a="0.488200" m_b="-0.003142" m_c="0.001451" m_d="0.225499" m_tx="-0.739583" m_ty="-116.698242"/>
   <element name="parts" layername="parts" frame="2" z_index="22" m_a="1.032210" m_b="0.000000" m_c="0.000000" m_d="1.035260" m_tx="3.000000" m_ty="-4.150000"/>
   <element name="parts" layername="parts" frame="3" z_index="23" m_a="-0.900192" m_b="-0.318757" m_c="0.319707" m_d="-0.902876" m_tx="-102.250000" m_ty="-135.949997"/>
   <element name="crystalbase" layername="crystalbase" frame="1" z_index="24" m_a="-0.900192" m_b="-0.318757" m_c="0.319707" m_d="-0.902876" m_tx="-97.449997" m_ty="-130.300003"/>
   <element name="ground" layername="ground" frame="0" z_index="25" m_a="1.392236" m_b="-0.098553" m_c="0.065616" m_d="0.926946" m_tx="-13.700000" m_ty="3.800000"/>
  </frame>
  <frame idx="875" w="554" h="542" x="-115.459473" y="-148.549988">
   <element name="crystalbase" layername="crystalbase" frame="0" z_index="20" m_a="1.032210" m_b="0.000000" m_c="0.000000" m_d="1.035260" m_tx="3.000000" m_ty="2.850000"/>
   <element name="Glow_FX" layername="Glow_FX" frame="0" z_index="21" m_a="0.486697" m_b="-0.003134" m_c="0.001446" m_d="0.224504" m_tx="-0.713544" m_ty="-116.636360"/>
   <element name="parts" layername="parts" frame="2" z_index="22" m_a="1.032210" m_b="0.000000" m_c="0.000000" m_d="1.035260" m_tx="3.000000" m_ty="-4.150000"/>
   <element name="parts" layername="parts" frame="3" z_index="23" m_a="-0.900192" m_b="-0.318757" m_c="0.319707" m_d="-0.902876" m_tx="-102.250000" m_ty="-135.949997"/>
   <element name="crystalbase" layername="crystalbase" frame="1" z_index="24" m_a="-0.900192" m_b="-0.318757" m_c="0.319707" m_d="-0.902876" m_tx="-97.449997" m_ty="-130.300003"/>
   <element name="ground" layername="ground" frame="0" z_index="25" m_a="1.392236" m_b="-0.098553" m_c="0.065616" m_d="0.926946" m_tx="-13.700000" m_ty="3.800000"/>
  </frame>
  <frame idx="900" w="554" h="542" x="-115.459473" y="-148.550003">
   <element name="crystalbase" layername="crystalbase" frame="0" z_index="20" m_a="1.032210" m_b="0.000000" m_c="0.000000" m_d="1.035260" m_tx="3.000000" m_ty="2.850000"/>
   <element name="Glow_FX" layername="Glow_FX" frame="0" z_index="21" m_a="0.485193" m_b="-0.003126" m_c="0.001440" m_d="0.223508" m_tx="-0.687502" m_ty="-116.574997"/>
   <element name="parts" layername="parts" frame="2" z_index="22" m_a="1.032210" m_b="0.000000" m_c="0.000000" m_d="1.035260" m_tx="3.000000" m_ty="-4.150000"/>
   <element name="parts" layername="parts" frame="3" z_index="23" m_a="-0.900192" m_b="-0.318757" m_c="0.319707" m_d="-0.902876" m_tx="-102.250000" m_ty="-135.949997"/>
   <element name="crystalbase" layername="crystalbase" frame="1" z_index="24" m_a="-0.900192" m_b="-0.318757" m_c="0.319707" m_d="-0.902876" m_tx="-97.449997" m_ty="-130.300003"/>
   <element name="ground" layername="ground" frame="0" z_index="25" m_a="1.392236" m_b="-0.098553" m_c="0.065616" m_d="0.926946" m_tx="-13.700000" m_ty="3.800000"/>
  </frame>
  <frame idx="925" w="554" h="542" x="-115.459473" y="-148.549988">
   <element name="crystalbase" layername="crystalbase" frame="0" z_index="20" m_a="1.032210" m_b="0.000000" m_c="0.000000" m_d="1.035260" m_tx="3.000000" m_ty="2.850000"/>
   <element name="Glow_FX" layername="Glow_FX" frame="0" z_index="21" m_a="0.483733" m_b="-0.003118" m_c="0.001435" m_d="0.222543" m_tx="-0.662226" m_ty="-116.515442"/>
   <element name="parts" layername="parts" frame="2" z_index="22" m_a="1.032210" m_b="0.000000" m_c="0.000000" m_d="1.035260" m_tx="3.000000" m_ty="-4.150000"/>
   <element name="parts" layername="parts" frame="3" z_index="23" m_a="-0.900192" m_b="-0.318757" m_c="0.319707" m_d="-0.902876" m_tx="-102.250000" m_ty="-135.949997"/>
   <element name="crystalbase" layername="crystalbase" frame="1" z_index="24" m_a="-0.900192" m_b="-0.318757" m_c="0.319707" m_d="-0.902876" m_tx="-97.449997" m_ty="-130.300003"/>
   <element name="ground" layername="ground" frame="0" z_index="25" m_a="1.392236" m_b="-0.098553" m_c="0.065616" m_d="0.926946" m_tx="-13.700000" m_ty="3.800000"/>
  </frame>
  <frame idx="950" w="554" h="542" x="-115.459473" y="-148.549988">
   <element name="crystalbase" layername="crystalbase" frame="0" z_index="20" m_a="1.032210" m_b="0.000000" m_c="0.000000" m_d="1.035260" m_tx="3.000000" m_ty="2.850000"/>
   <element name="Glow_FX" layername="Glow_FX" frame="0" z_index="21" m_a="0.482246" m_b="-0.003110" m_c="0.001429" m_d="0.221558" m_tx="-0.636460" m_ty="-116.454247"/>
   <element name="parts" layername="parts" frame="2" z_index="22" m_a="1.032210" m_b="0.000000" m_c="0.000000" m_d="1.035260" m_tx="3.000000" m_ty="-4.150000"/>
   <element name="parts" layername="parts" frame="3" z_index="23" m_a="-0.900192" m_b="-0.318757" m_c="0.319707" m_d="-0.902876" m_tx="-102.250000" m_ty="-135.949997"/>
   <element name="crystalbase" layername="crystalbase" frame="1" z_index="24" m_a="-0.900192" m_b="-0.318757" m_c="0.319707" m_d="-0.902876" m_tx="-97.449997" m_ty="-130.300003"/>
   <element name="ground" layername="ground" frame="0" z_index="25" m_a="1.392236" m_b="-0.098553" m_c="0.065616" m_d="0.926946" m_tx="-13.700000" m_ty="3.800000"/>
  </frame>
  <frame idx="975" w="554" h="542" x="-115.459473" y="-148.549988">
   <element name="crystalbase" layername="crystalbase" frame="0" z_index="20" m_a="1.032210" m_b="0.000000" m_c="0.000000" m_d="1.035260" m_tx="3.000000" m_ty="2.850000"/>
   <element name="Glow_FX" layername="Glow_FX" frame="0" z_index="21" m_a="0.480743" m_b="-0.003102" m_c="0.001423" m_d="0.220563" m_tx="-0.610418" m_ty="-116.392365"/>
   <element name="parts" layername="parts" frame="2" z_index="22" m_a="1.032210" m_b="0.000000" m_c="0.000000" m_d="1.035260" m_tx="3.000000" m_ty="-4.150000"/>
   <element name="parts" layername="parts" frame="3" z_index="23" m_a="-0.900192" m_b="-0.318757" m_c="0.319707" m_d="-0.902876" m_tx="-102.250000" m_ty="-135.949997"/>
   <element name="crystalbase" layername="crystalbase" frame="1" z_index="24" m_a="-0.900192" m_b="-0.318757" m_c="0.319707" m_d="-0.902876" m_tx="-97.449997" m_ty="-130.300003"/>
   <element name="ground" layername="ground" frame="0" z_index="25" m_a="1.392236" m_b="-0.098553" m_c="0.065616" m_d="0.926946" m_tx="-13.700000" m_ty="3.800000"/>
  </frame>
  <frame idx="1000" w="554" h="542" x="-115.459473" y="-148.550003">
   <element name="crystalbase" layername="crystalbase" frame="0" z_index="20" m_a="1.032210" m_b="0.000000" m_c="0.000000" m_d="1.035260" m_tx="3.000000" m_ty="2.850000"/>
   <element name="Glow_FX" layername="Glow_FX" frame="0" z_index="21" m_a="0.479239" m_b="-0.003094" m_c="0.001418" m_d="0.219568" m_tx="-0.584376" m_ty="-116.331001"/>
   <element name="parts" layername="parts" frame="2" z_index="22" m_a="1.032210" m_b="0.000000" m_c="0.000000" m_d="1.035260" m_tx="3.000000" m_ty="-4.150000"/>
   <element name="parts" layername="parts" frame="3" z_index="23" m_a="-0.900192" m_b="-0.318757" m_c="0.319707" m_d="-0.902876" m_tx="-102.250000" m_ty="-135.949997"/>
   <element name="crystalbase" layername="crystalbase" frame="1" z_index="24" m_a="-0.900192" m_b="-0.318757" m_c="0.319707" m_d="-0.902876" m_tx="-97.449997" m_ty="-130.300003"/>
   <element name="ground" layername="ground" frame="0" z_index="25" m_a="1.392236" m_b="-0.098553" m_c="0.065616" m_d="0.926946" m_tx="-13.700000" m_ty="3.800000"/>
  </frame>
  <frame idx="1025" w="554" h="542" x="-115.459473" y="-148.550003">
   <element name="crystalbase" layername="crystalbase" frame="0" z_index="20" m_a="1.032210" m_b="0.000000" m_c="0.000000" m_d="1.035260" m_tx="3.000000" m_ty="2.850000"/>
   <element name="Glow_FX" layername="Glow_FX" frame="0" z_index="21" m_a="0.477779" m_b="-0.003086" m_c="0.001412" m_d="0.218602" m_tx="-0.559100" m_ty="-116.271439"/>
   <element name="parts" layername="parts" frame="2" z_index="22" m_a="1.032210" m_b="0.000000" m_c="0.000000" m_d="1.035260" m_tx="3.000000" m_ty="-4.150000"/>
   <element name="parts" layername="parts" frame="3" z_index="23" m_a="-0.900192" m_b="-0.318757" m_c="0.319707" m_d="-0.902876" m_tx="-102.250000" m_ty="-135.949997"/>
   <element name="crystalbase" layername="crystalbase" frame="1" z_index="24" m_a="-0.900192" m_b="-0.318757" m_c="0.319707" m_d="-0.902876" m_tx="-97.449997" m_ty="-130.300003"/>
   <element name="ground" layername="ground" frame="0" z_index="25" m_a="1.392236" m_b="-0.098553" m_c="0.065616" m_d="0.926946" m_tx="-13.700000" m_ty="3.800000"/>
  </frame>
 </anim>
</Anims>
