<Anims>
 <anim name="hunger_prefer" root="spell_icons_warly" numframes="25" framerate="40">
  <frame idx="0" w="160" h="205" x="-0.643791" y="-14.093735">
   <element name="mouseover" layername="mouseover" frame="0" z_index="56" m_a="1.000000" m_b="0.000000" m_c="0.000000" m_d="1.000000" m_tx="-1.300000" m_ty="-14.900000"/>
   <element name="icon" layername="icon" frame="0" z_index="57" m_a="0.864410" m_b="0.000000" m_c="0.000000" m_d="0.871460" m_tx="0.300000" m_ty="4.400000"/>
   <element name="frame" layername="frame" frame="0" z_index="58" m_a="1.000000" m_b="0.000000" m_c="0.000000" m_d="1.000000" m_tx="-0.800000" m_ty="0.750000"/>
   <element name="frame" layername="frame" frame="2" z_index="59" m_a="1.000000" m_b="0.000000" m_c="0.000000" m_d="1.000000" m_tx="-0.800000" m_ty="0.750000"/>
   <element name="flame_yellow" layername="flame_yellow" frame="0" z_index="60" m_a="1.029040" m_b="0.000000" m_c="0.000000" m_d="0.988739" m_tx="-0.100000" m_ty="-18.450001"/>
  </frame>
 </anim>
 <anim name="hunger_prefer_focus" root="spell_icons_warly" numframes="325" framerate="40">
  <frame idx="0" w="160" h="205" x="-0.643791" y="-14.093735">
   <element name="mouseover" layername="mouseover" frame="0" z_index="56" m_a="1.000000" m_b="0.000000" m_c="0.000000" m_d="1.000000" m_tx="-1.300000" m_ty="-14.900000"/>
   <element name="icon" layername="icon" frame="0" z_index="57" m_a="0.950836" m_b="0.000000" m_c="0.000000" m_d="0.958588" m_tx="0.350000" m_ty="6.350000"/>
   <element name="frame" layername="frame" frame="0" z_index="58" m_a="1.099990" m_b="0.000000" m_c="0.000000" m_d="1.099990" m_tx="-0.800000" m_ty="2.350000"/>
   <element name="frame" layername="frame" frame="2" z_index="59" m_a="1.099990" m_b="0.000000" m_c="0.000000" m_d="1.099990" m_tx="-0.800000" m_ty="2.350000"/>
   <element name="flame_yellow" layername="flame_yellow" frame="1" z_index="60" m_a="1.131930" m_b="0.000000" m_c="0.000000" m_d="1.087600" m_tx="-0.050000" m_ty="-18.700001"/>
  </frame>
  <frame idx="25" w="160" h="205" x="-0.643791" y="-14.093735">
   <element name="mouseover" layername="mouseover" frame="0" z_index="56" m_a="1.000000" m_b="0.000000" m_c="0.000000" m_d="1.000000" m_tx="-1.300000" m_ty="-14.900000"/>
   <element name="icon" layername="icon" frame="0" z_index="57" m_a="0.950836" m_b="0.000000" m_c="0.000000" m_d="0.958588" m_tx="0.350000" m_ty="6.350000"/>
   <element name="frame" layername="frame" frame="0" z_index="58" m_a="1.099990" m_b="0.000000" m_c="0.000000" m_d="1.099990" m_tx="-0.800000" m_ty="2.350000"/>
   <element name="frame" layername="frame" frame="2" z_index="59" m_a="1.099990" m_b="0.000000" m_c="0.000000" m_d="1.099990" m_tx="-0.800000" m_ty="2.350000"/>
   <element name="flame_yellow" layername="flame_yellow" frame="1" z_index="60" m_a="1.131930" m_b="0.000000" m_c="0.000000" m_d="1.087600" m_tx="-0.451953" m_ty="-19.653034"/>
  </frame>
  <frame idx="50" w="160" h="205" x="-0.643791" y="-14.093735">
   <element name="mouseover" layername="mouseover" frame="0" z_index="56" m_a="1.000000" m_b="0.000000" m_c="0.000000" m_d="1.000000" m_tx="-1.300000" m_ty="-14.900000"/>
   <element name="icon" layername="icon" frame="0" z_index="57" m_a="0.950836" m_b="0.000000" m_c="0.000000" m_d="0.958588" m_tx="0.350000" m_ty="6.350000"/>
   <element name="frame" layername="frame" frame="0" z_index="58" m_a="1.099990" m_b="0.000000" m_c="0.000000" m_d="1.099990" m_tx="-0.800000" m_ty="2.350000"/>
   <element name="frame" layername="frame" frame="2" z_index="59" m_a="1.099990" m_b="0.000000" m_c="0.000000" m_d="1.099990" m_tx="-0.800000" m_ty="2.350000"/>
   <element name="flame_yellow" layername="flame_yellow" frame="2" z_index="60" m_a="1.131930" m_b="0.000000" m_c="0.000000" m_d="1.087600" m_tx="-0.601537" m_ty="-19.978493"/>
  </frame>
  <frame idx="75" w="160" h="205" x="-0.643791" y="-14.093735">
   <element name="mouseover" layername="mouseover" frame="0" z_index="56" m_a="1.000000" m_b="0.000000" m_c="0.000000" m_d="1.000000" m_tx="-1.300000" m_ty="-14.900000"/>
   <element name="icon" layername="icon" frame="0" z_index="57" m_a="0.950836" m_b="0.000000" m_c="0.000000" m_d="0.958588" m_tx="0.350000" m_ty="6.350000"/>
   <element name="frame" layername="frame" frame="0" z_index="58" m_a="1.099990" m_b="0.000000" m_c="0.000000" m_d="1.099990" m_tx="-0.800000" m_ty="2.350000"/>
   <element name="frame" layername="frame" frame="2" z_index="59" m_a="1.099990" m_b="0.000000" m_c="0.000000" m_d="1.099990" m_tx="-0.800000" m_ty="2.350000"/>
   <element name="flame_yellow" layername="flame_yellow" frame="2" z_index="60" m_a="1.131930" m_b="0.000000" m_c="0.000000" m_d="1.087600" m_tx="-0.721538" m_ty="-20.038975"/>
  </frame>
  <frame idx="100" w="160" h="205" x="-0.469627" y="-14.093735">
   <element name="mouseover" layername="mouseover" frame="0" z_index="56" m_a="1.000000" m_b="0.000000" m_c="0.000000" m_d="1.000000" m_tx="-1.300000" m_ty="-14.900000"/>
   <element name="icon" layername="icon" frame="0" z_index="57" m_a="0.950836" m_b="0.000000" m_c="0.000000" m_d="0.958588" m_tx="0.350000" m_ty="6.350000"/>
   <element name="frame" layername="frame" frame="0" z_index="58" m_a="1.099990" m_b="0.000000" m_c="0.000000" m_d="1.099990" m_tx="-0.800000" m_ty="2.350000"/>
   <element name="frame" layername="frame" frame="2" z_index="59" m_a="1.099990" m_b="0.000000" m_c="0.000000" m_d="1.099990" m_tx="-0.800000" m_ty="2.350000"/>
   <element name="flame_yellow" layername="flame_yellow" frame="3" z_index="60" m_a="1.131930" m_b="0.000000" m_c="0.000000" m_d="1.087600" m_tx="-1.124327" m_ty="-20.217443"/>
  </frame>
  <frame idx="125" w="160" h="205" x="-0.469627" y="-14.093735">
   <element name="mouseover" layername="mouseover" frame="0" z_index="56" m_a="1.000000" m_b="0.000000" m_c="0.000000" m_d="1.000000" m_tx="-1.300000" m_ty="-14.900000"/>
   <element name="icon" layername="icon" frame="0" z_index="57" m_a="0.950836" m_b="0.000000" m_c="0.000000" m_d="0.958588" m_tx="0.350000" m_ty="6.350000"/>
   <element name="frame" layername="frame" frame="0" z_index="58" m_a="1.099990" m_b="0.000000" m_c="0.000000" m_d="1.099990" m_tx="-0.800000" m_ty="2.350000"/>
   <element name="frame" layername="frame" frame="2" z_index="59" m_a="1.099990" m_b="0.000000" m_c="0.000000" m_d="1.099990" m_tx="-0.800000" m_ty="2.350000"/>
   <element name="flame_yellow" layername="flame_yellow" frame="3" z_index="60" m_a="1.131930" m_b="0.000000" m_c="0.000000" m_d="1.087600" m_tx="-1.124327" m_ty="-20.217443"/>
  </frame>
  <frame idx="150" w="160" h="205" x="-0.571434" y="-14.093735">
   <element name="mouseover" layername="mouseover" frame="0" z_index="56" m_a="1.000000" m_b="0.000000" m_c="0.000000" m_d="1.000000" m_tx="-1.300000" m_ty="-14.900000"/>
   <element name="icon" layername="icon" frame="0" z_index="57" m_a="0.950836" m_b="0.000000" m_c="0.000000" m_d="0.958588" m_tx="0.350000" m_ty="6.350000"/>
   <element name="frame" layername="frame" frame="0" z_index="58" m_a="1.099990" m_b="0.000000" m_c="0.000000" m_d="1.099990" m_tx="-0.800000" m_ty="2.350000"/>
   <element name="frame" layername="frame" frame="2" z_index="59" m_a="1.099990" m_b="0.000000" m_c="0.000000" m_d="1.099990" m_tx="-0.800000" m_ty="2.350000"/>
   <element name="flame_yellow" layername="flame_yellow" frame="3" z_index="60" m_a="1.131930" m_b="0.000000" m_c="0.000000" m_d="1.087600" m_tx="-1.327921" m_ty="-19.899122"/>
  </frame>
  <frame idx="175" w="160" h="205" x="-0.643791" y="-14.093735">
   <element name="mouseover" layername="mouseover" frame="0" z_index="56" m_a="1.000000" m_b="0.000000" m_c="0.000000" m_d="1.000000" m_tx="-1.300000" m_ty="-14.900000"/>
   <element name="icon" layername="icon" frame="0" z_index="57" m_a="0.950836" m_b="0.000000" m_c="0.000000" m_d="0.958588" m_tx="0.350000" m_ty="6.350000"/>
   <element name="frame" layername="frame" frame="0" z_index="58" m_a="1.099990" m_b="0.000000" m_c="0.000000" m_d="1.099990" m_tx="-0.800000" m_ty="2.350000"/>
   <element name="frame" layername="frame" frame="2" z_index="59" m_a="1.099990" m_b="0.000000" m_c="0.000000" m_d="1.099990" m_tx="-0.800000" m_ty="2.350000"/>
   <element name="flame_yellow" layername="flame_yellow" frame="4" z_index="60" m_a="1.131930" m_b="0.000000" m_c="0.000000" m_d="1.087600" m_tx="-1.492715" m_ty="-19.572865"/>
  </frame>
  <frame idx="200" w="160" h="205" x="-0.643791" y="-14.093735">
   <element name="mouseover" layername="mouseover" frame="0" z_index="56" m_a="1.000000" m_b="0.000000" m_c="0.000000" m_d="1.000000" m_tx="-1.300000" m_ty="-14.900000"/>
   <element name="icon" layername="icon" frame="0" z_index="57" m_a="0.950836" m_b="0.000000" m_c="0.000000" m_d="0.958588" m_tx="0.350000" m_ty="6.350000"/>
   <element name="frame" layername="frame" frame="0" z_index="58" m_a="1.099990" m_b="0.000000" m_c="0.000000" m_d="1.099990" m_tx="-0.800000" m_ty="2.350000"/>
   <element name="frame" layername="frame" frame="2" z_index="59" m_a="1.099990" m_b="0.000000" m_c="0.000000" m_d="1.099990" m_tx="-0.800000" m_ty="2.350000"/>
   <element name="flame_yellow" layername="flame_yellow" frame="4" z_index="60" m_a="1.131930" m_b="0.000000" m_c="0.000000" m_d="1.087600" m_tx="-1.492715" m_ty="-19.572865"/>
  </frame>
  <frame idx="225" w="160" h="205" x="-0.643791" y="-14.093735">
   <element name="mouseover" layername="mouseover" frame="0" z_index="56" m_a="1.000000" m_b="0.000000" m_c="0.000000" m_d="1.000000" m_tx="-1.300000" m_ty="-14.900000"/>
   <element name="icon" layername="icon" frame="0" z_index="57" m_a="0.950836" m_b="0.000000" m_c="0.000000" m_d="0.958588" m_tx="0.350000" m_ty="6.350000"/>
   <element name="frame" layername="frame" frame="0" z_index="58" m_a="1.099990" m_b="0.000000" m_c="0.000000" m_d="1.099990" m_tx="-0.800000" m_ty="2.350000"/>
   <element name="frame" layername="frame" frame="2" z_index="59" m_a="1.099990" m_b="0.000000" m_c="0.000000" m_d="1.099990" m_tx="-0.800000" m_ty="2.350000"/>
   <element name="flame_yellow" layername="flame_yellow" frame="4" z_index="60" m_a="1.131930" m_b="0.000000" m_c="0.000000" m_d="1.087600" m_tx="-0.462660" m_ty="-19.764229"/>
  </frame>
  <frame idx="250" w="160" h="205" x="-0.643791" y="-14.093735">
   <element name="mouseover" layername="mouseover" frame="0" z_index="56" m_a="1.000000" m_b="0.000000" m_c="0.000000" m_d="1.000000" m_tx="-1.300000" m_ty="-14.900000"/>
   <element name="icon" layername="icon" frame="0" z_index="57" m_a="0.950836" m_b="0.000000" m_c="0.000000" m_d="0.958588" m_tx="0.350000" m_ty="6.350000"/>
   <element name="frame" layername="frame" frame="0" z_index="58" m_a="1.099990" m_b="0.000000" m_c="0.000000" m_d="1.099990" m_tx="-0.800000" m_ty="2.350000"/>
   <element name="frame" layername="frame" frame="2" z_index="59" m_a="1.099990" m_b="0.000000" m_c="0.000000" m_d="1.099990" m_tx="-0.800000" m_ty="2.350000"/>
   <element name="flame_yellow" layername="flame_yellow" frame="5" z_index="60" m_a="1.131930" m_b="0.000000" m_c="0.000000" m_d="1.087600" m_tx="-0.092214" m_ty="-19.825359"/>
  </frame>
  <frame idx="275" w="160" h="205" x="-0.643791" y="-14.093735">
   <element name="mouseover" layername="mouseover" frame="0" z_index="56" m_a="1.000000" m_b="0.000000" m_c="0.000000" m_d="1.000000" m_tx="-1.300000" m_ty="-14.900000"/>
   <element name="icon" layername="icon" frame="0" z_index="57" m_a="0.950836" m_b="0.000000" m_c="0.000000" m_d="0.958588" m_tx="0.350000" m_ty="6.350000"/>
   <element name="frame" layername="frame" frame="0" z_index="58" m_a="1.099990" m_b="0.000000" m_c="0.000000" m_d="1.099990" m_tx="-0.800000" m_ty="2.350000"/>
   <element name="frame" layername="frame" frame="2" z_index="59" m_a="1.099990" m_b="0.000000" m_c="0.000000" m_d="1.099990" m_tx="-0.800000" m_ty="2.350000"/>
   <element name="flame_yellow" layername="flame_yellow" frame="5" z_index="60" m_a="1.131930" m_b="0.000000" m_c="0.000000" m_d="1.087600" m_tx="-0.092214" m_ty="-19.825359"/>
  </frame>
  <frame idx="300" w="160" h="205" x="-0.643791" y="-14.093735">
   <element name="mouseover" layername="mouseover" frame="0" z_index="56" m_a="1.000000" m_b="0.000000" m_c="0.000000" m_d="1.000000" m_tx="-1.300000" m_ty="-14.900000"/>
   <element name="icon" layername="icon" frame="0" z_index="57" m_a="0.950836" m_b="0.000000" m_c="0.000000" m_d="0.958588" m_tx="0.350000" m_ty="6.350000"/>
   <element name="frame" layername="frame" frame="0" z_index="58" m_a="1.099990" m_b="0.000000" m_c="0.000000" m_d="1.099990" m_tx="-0.800000" m_ty="2.350000"/>
   <element name="frame" layername="frame" frame="2" z_index="59" m_a="1.099990" m_b="0.000000" m_c="0.000000" m_d="1.099990" m_tx="-0.800000" m_ty="2.350000"/>
   <element name="flame_yellow" layername="flame_yellow" frame="5" z_index="60" m_a="1.131930" m_b="0.000000" m_c="0.000000" m_d="1.087600" m_tx="-0.092214" m_ty="-19.825359"/>
  </frame>
 </anim>
 <anim name="hunger_prefer_pressed" root="spell_icons_warly" numframes="25" framerate="40">
  <frame idx="0" w="160" h="205" x="-0.643791" y="-14.093735">
   <element name="mouseover" layername="mouseover" frame="0" z_index="56" m_a="1.000000" m_b="0.000000" m_c="0.000000" m_d="1.000000" m_tx="-1.300000" m_ty="-14.900000"/>
   <element name="icon" layername="icon" frame="0" z_index="57" m_a="0.777954" m_b="0.000000" m_c="0.000000" m_d="0.784302" m_tx="0.200000" m_ty="2.450000"/>
   <element name="frame" layername="frame" frame="0" z_index="58" m_a="0.899994" m_b="0.000000" m_c="0.000000" m_d="0.899994" m_tx="-0.750000" m_ty="-0.800000"/>
   <element name="frame" layername="frame" frame="2" z_index="59" m_a="0.899994" m_b="0.000000" m_c="0.000000" m_d="0.899994" m_tx="-0.750000" m_ty="-0.800000"/>
   <element name="flame_yellow" layername="flame_yellow" frame="0" z_index="60" m_a="0.926117" m_b="0.000000" m_c="0.000000" m_d="0.889847" m_tx="-0.100000" m_ty="-18.100000"/>
  </frame>
 </anim>
 <anim name="sanity_prefer" root="spell_icons_warly" numframes="25" framerate="40">
  <frame idx="0" w="160" h="205" x="-0.643791" y="-14.093735">
   <element name="mouseover" layername="mouseover" frame="0" z_index="56" m_a="1.000000" m_b="0.000000" m_c="0.000000" m_d="1.000000" m_tx="-1.300000" m_ty="-14.900000"/>
   <element name="icon" layername="icon" frame="2" z_index="57" m_a="0.864410" m_b="0.000000" m_c="0.000000" m_d="0.871460" m_tx="0.300000" m_ty="4.400000"/>
   <element name="frame" layername="frame" frame="0" z_index="58" m_a="1.000000" m_b="0.000000" m_c="0.000000" m_d="1.000000" m_tx="-0.800000" m_ty="0.750000"/>
   <element name="frame" layername="frame" frame="2" z_index="59" m_a="1.000000" m_b="0.000000" m_c="0.000000" m_d="1.000000" m_tx="-0.800000" m_ty="0.750000"/>
   <element name="flame_yellow" layername="flame_yellow" frame="0" z_index="60" m_a="1.029040" m_b="0.000000" m_c="0.000000" m_d="0.988739" m_tx="-0.100000" m_ty="-18.450001"/>
  </frame>
 </anim>
 <anim name="sanity_prefer_focus" root="spell_icons_warly" numframes="325" framerate="40">
  <frame idx="0" w="160" h="205" x="-0.643791" y="-14.093735">
   <element name="mouseover" layername="mouseover" frame="0" z_index="56" m_a="1.000000" m_b="0.000000" m_c="0.000000" m_d="1.000000" m_tx="-1.300000" m_ty="-14.900000"/>
   <element name="icon" layername="icon" frame="2" z_index="57" m_a="0.950836" m_b="0.000000" m_c="0.000000" m_d="0.958588" m_tx="0.350000" m_ty="6.350000"/>
   <element name="frame" layername="frame" frame="0" z_index="58" m_a="1.099990" m_b="0.000000" m_c="0.000000" m_d="1.099990" m_tx="-0.800000" m_ty="2.350000"/>
   <element name="frame" layername="frame" frame="2" z_index="59" m_a="1.099990" m_b="0.000000" m_c="0.000000" m_d="1.099990" m_tx="-0.800000" m_ty="2.350000"/>
   <element name="flame_yellow" layername="flame_yellow" frame="1" z_index="60" m_a="1.131930" m_b="0.000000" m_c="0.000000" m_d="1.087600" m_tx="-0.050000" m_ty="-18.700001"/>
  </frame>
  <frame idx="25" w="160" h="205" x="-0.643791" y="-14.093735">
   <element name="mouseover" layername="mouseover" frame="0" z_index="56" m_a="1.000000" m_b="0.000000" m_c="0.000000" m_d="1.000000" m_tx="-1.300000" m_ty="-14.900000"/>
   <element name="icon" layername="icon" frame="2" z_index="57" m_a="0.950836" m_b="0.000000" m_c="0.000000" m_d="0.958588" m_tx="0.350000" m_ty="6.350000"/>
   <element name="frame" layername="frame" frame="0" z_index="58" m_a="1.099990" m_b="0.000000" m_c="0.000000" m_d="1.099990" m_tx="-0.800000" m_ty="2.350000"/>
   <element name="frame" layername="frame" frame="2" z_index="59" m_a="1.099990" m_b="0.000000" m_c="0.000000" m_d="1.099990" m_tx="-0.800000" m_ty="2.350000"/>
   <element name="flame_yellow" layername="flame_yellow" frame="1" z_index="60" m_a="1.131930" m_b="0.000000" m_c="0.000000" m_d="1.087600" m_tx="-0.451953" m_ty="-19.653034"/>
  </frame>
  <frame idx="50" w="160" h="205" x="-0.643791" y="-14.093735">
   <element name="mouseover" layername="mouseover" frame="0" z_index="56" m_a="1.000000" m_b="0.000000" m_c="0.000000" m_d="1.000000" m_tx="-1.300000" m_ty="-14.900000"/>
   <element name="icon" layername="icon" frame="2" z_index="57" m_a="0.950836" m_b="0.000000" m_c="0.000000" m_d="0.958588" m_tx="0.350000" m_ty="6.350000"/>
   <element name="frame" layername="frame" frame="0" z_index="58" m_a="1.099990" m_b="0.000000" m_c="0.000000" m_d="1.099990" m_tx="-0.800000" m_ty="2.350000"/>
   <element name="frame" layername="frame" frame="2" z_index="59" m_a="1.099990" m_b="0.000000" m_c="0.000000" m_d="1.099990" m_tx="-0.800000" m_ty="2.350000"/>
   <element name="flame_yellow" layername="flame_yellow" frame="2" z_index="60" m_a="1.131930" m_b="0.000000" m_c="0.000000" m_d="1.087600" m_tx="-0.601537" m_ty="-19.978493"/>
  </frame>
  <frame idx="75" w="160" h="205" x="-0.643791" y="-14.093735">
   <element name="mouseover" layername="mouseover" frame="0" z_index="56" m_a="1.000000" m_b="0.000000" m_c="0.000000" m_d="1.000000" m_tx="-1.300000" m_ty="-14.900000"/>
   <element name="icon" layername="icon" frame="2" z_index="57" m_a="0.950836" m_b="0.000000" m_c="0.000000" m_d="0.958588" m_tx="0.350000" m_ty="6.350000"/>
   <element name="frame" layername="frame" frame="0" z_index="58" m_a="1.099990" m_b="0.000000" m_c="0.000000" m_d="1.099990" m_tx="-0.800000" m_ty="2.350000"/>
   <element name="frame" layername="frame" frame="2" z_index="59" m_a="1.099990" m_b="0.000000" m_c="0.000000" m_d="1.099990" m_tx="-0.800000" m_ty="2.350000"/>
   <element name="flame_yellow" layername="flame_yellow" frame="2" z_index="60" m_a="1.131930" m_b="0.000000" m_c="0.000000" m_d="1.087600" m_tx="-0.721538" m_ty="-20.038975"/>
  </frame>
  <frame idx="100" w="160" h="205" x="-0.469627" y="-14.093735">
   <element name="mouseover" layername="mouseover" frame="0" z_index="56" m_a="1.000000" m_b="0.000000" m_c="0.000000" m_d="1.000000" m_tx="-1.300000" m_ty="-14.900000"/>
   <element name="icon" layername="icon" frame="2" z_index="57" m_a="0.950836" m_b="0.000000" m_c="0.000000" m_d="0.958588" m_tx="0.350000" m_ty="6.350000"/>
   <element name="frame" layername="frame" frame="0" z_index="58" m_a="1.099990" m_b="0.000000" m_c="0.000000" m_d="1.099990" m_tx="-0.800000" m_ty="2.350000"/>
   <element name="frame" layername="frame" frame="2" z_index="59" m_a="1.099990" m_b="0.000000" m_c="0.000000" m_d="1.099990" m_tx="-0.800000" m_ty="2.350000"/>
   <element name="flame_yellow" layername="flame_yellow" frame="3" z_index="60" m_a="1.131930" m_b="0.000000" m_c="0.000000" m_d="1.087600" m_tx="-1.124327" m_ty="-20.217443"/>
  </frame>
  <frame idx="125" w="160" h="205" x="-0.469627" y="-14.093735">
   <element name="mouseover" layername="mouseover" frame="0" z_index="56" m_a="1.000000" m_b="0.000000" m_c="0.000000" m_d="1.000000" m_tx="-1.300000" m_ty="-14.900000"/>
   <element name="icon" layername="icon" frame="2" z_index="57" m_a="0.950836" m_b="0.000000" m_c="0.000000" m_d="0.958588" m_tx="0.350000" m_ty="6.350000"/>
   <element name="frame" layername="frame" frame="0" z_index="58" m_a="1.099990" m_b="0.000000" m_c="0.000000" m_d="1.099990" m_tx="-0.800000" m_ty="2.350000"/>
   <element name="frame" layername="frame" frame="2" z_index="59" m_a="1.099990" m_b="0.000000" m_c="0.000000" m_d="1.099990" m_tx="-0.800000" m_ty="2.350000"/>
   <element name="flame_yellow" layername="flame_yellow" frame="3" z_index="60" m_a="1.131930" m_b="0.000000" m_c="0.000000" m_d="1.087600" m_tx="-1.124327" m_ty="-20.217443"/>
  </frame>
  <frame idx="150" w="160" h="205" x="-0.571434" y="-14.093735">
   <element name="mouseover" layername="mouseover" frame="0" z_index="56" m_a="1.000000" m_b="0.000000" m_c="0.000000" m_d="1.000000" m_tx="-1.300000" m_ty="-14.900000"/>
   <element name="icon" layername="icon" frame="2" z_index="57" m_a="0.950836" m_b="0.000000" m_c="0.000000" m_d="0.958588" m_tx="0.350000" m_ty="6.350000"/>
   <element name="frame" layername="frame" frame="0" z_index="58" m_a="1.099990" m_b="0.000000" m_c="0.000000" m_d="1.099990" m_tx="-0.800000" m_ty="2.350000"/>
   <element name="frame" layername="frame" frame="2" z_index="59" m_a="1.099990" m_b="0.000000" m_c="0.000000" m_d="1.099990" m_tx="-0.800000" m_ty="2.350000"/>
   <element name="flame_yellow" layername="flame_yellow" frame="3" z_index="60" m_a="1.131930" m_b="0.000000" m_c="0.000000" m_d="1.087600" m_tx="-1.327921" m_ty="-19.899122"/>
  </frame>
  <frame idx="175" w="160" h="205" x="-0.643791" y="-14.093735">
   <element name="mouseover" layername="mouseover" frame="0" z_index="56" m_a="1.000000" m_b="0.000000" m_c="0.000000" m_d="1.000000" m_tx="-1.300000" m_ty="-14.900000"/>
   <element name="icon" layername="icon" frame="2" z_index="57" m_a="0.950836" m_b="0.000000" m_c="0.000000" m_d="0.958588" m_tx="0.350000" m_ty="6.350000"/>
   <element name="frame" layername="frame" frame="0" z_index="58" m_a="1.099990" m_b="0.000000" m_c="0.000000" m_d="1.099990" m_tx="-0.800000" m_ty="2.350000"/>
   <element name="frame" layername="frame" frame="2" z_index="59" m_a="1.099990" m_b="0.000000" m_c="0.000000" m_d="1.099990" m_tx="-0.800000" m_ty="2.350000"/>
   <element name="flame_yellow" layername="flame_yellow" frame="4" z_index="60" m_a="1.131930" m_b="0.000000" m_c="0.000000" m_d="1.087600" m_tx="-1.492715" m_ty="-19.572865"/>
  </frame>
  <frame idx="200" w="160" h="205" x="-0.643791" y="-14.093735">
   <element name="mouseover" layername="mouseover" frame="0" z_index="56" m_a="1.000000" m_b="0.000000" m_c="0.000000" m_d="1.000000" m_tx="-1.300000" m_ty="-14.900000"/>
   <element name="icon" layername="icon" frame="2" z_index="57" m_a="0.950836" m_b="0.000000" m_c="0.000000" m_d="0.958588" m_tx="0.350000" m_ty="6.350000"/>
   <element name="frame" layername="frame" frame="0" z_index="58" m_a="1.099990" m_b="0.000000" m_c="0.000000" m_d="1.099990" m_tx="-0.800000" m_ty="2.350000"/>
   <element name="frame" layername="frame" frame="2" z_index="59" m_a="1.099990" m_b="0.000000" m_c="0.000000" m_d="1.099990" m_tx="-0.800000" m_ty="2.350000"/>
   <element name="flame_yellow" layername="flame_yellow" frame="4" z_index="60" m_a="1.131930" m_b="0.000000" m_c="0.000000" m_d="1.087600" m_tx="-1.492715" m_ty="-19.572865"/>
  </frame>
  <frame idx="225" w="160" h="205" x="-0.643791" y="-14.093735">
   <element name="mouseover" layername="mouseover" frame="0" z_index="56" m_a="1.000000" m_b="0.000000" m_c="0.000000" m_d="1.000000" m_tx="-1.300000" m_ty="-14.900000"/>
   <element name="icon" layername="icon" frame="2" z_index="57" m_a="0.950836" m_b="0.000000" m_c="0.000000" m_d="0.958588" m_tx="0.350000" m_ty="6.350000"/>
   <element name="frame" layername="frame" frame="0" z_index="58" m_a="1.099990" m_b="0.000000" m_c="0.000000" m_d="1.099990" m_tx="-0.800000" m_ty="2.350000"/>
   <element name="frame" layername="frame" frame="2" z_index="59" m_a="1.099990" m_b="0.000000" m_c="0.000000" m_d="1.099990" m_tx="-0.800000" m_ty="2.350000"/>
   <element name="flame_yellow" layername="flame_yellow" frame="4" z_index="60" m_a="1.131930" m_b="0.000000" m_c="0.000000" m_d="1.087600" m_tx="-0.462660" m_ty="-19.764229"/>
  </frame>
  <frame idx="250" w="160" h="205" x="-0.643791" y="-14.093735">
   <element name="mouseover" layername="mouseover" frame="0" z_index="56" m_a="1.000000" m_b="0.000000" m_c="0.000000" m_d="1.000000" m_tx="-1.300000" m_ty="-14.900000"/>
   <element name="icon" layername="icon" frame="2" z_index="57" m_a="0.950836" m_b="0.000000" m_c="0.000000" m_d="0.958588" m_tx="0.350000" m_ty="6.350000"/>
   <element name="frame" layername="frame" frame="0" z_index="58" m_a="1.099990" m_b="0.000000" m_c="0.000000" m_d="1.099990" m_tx="-0.800000" m_ty="2.350000"/>
   <element name="frame" layername="frame" frame="2" z_index="59" m_a="1.099990" m_b="0.000000" m_c="0.000000" m_d="1.099990" m_tx="-0.800000" m_ty="2.350000"/>
   <element name="flame_yellow" layername="flame_yellow" frame="5" z_index="60" m_a="1.131930" m_b="0.000000" m_c="0.000000" m_d="1.087600" m_tx="-0.092214" m_ty="-19.825359"/>
  </frame>
  <frame idx="275" w="160" h="205" x="-0.643791" y="-14.093735">
   <element name="mouseover" layername="mouseover" frame="0" z_index="56" m_a="1.000000" m_b="0.000000" m_c="0.000000" m_d="1.000000" m_tx="-1.300000" m_ty="-14.900000"/>
   <element name="icon" layername="icon" frame="2" z_index="57" m_a="0.950836" m_b="0.000000" m_c="0.000000" m_d="0.958588" m_tx="0.350000" m_ty="6.350000"/>
   <element name="frame" layername="frame" frame="0" z_index="58" m_a="1.099990" m_b="0.000000" m_c="0.000000" m_d="1.099990" m_tx="-0.800000" m_ty="2.350000"/>
   <element name="frame" layername="frame" frame="2" z_index="59" m_a="1.099990" m_b="0.000000" m_c="0.000000" m_d="1.099990" m_tx="-0.800000" m_ty="2.350000"/>
   <element name="flame_yellow" layername="flame_yellow" frame="5" z_index="60" m_a="1.131930" m_b="0.000000" m_c="0.000000" m_d="1.087600" m_tx="-0.092214" m_ty="-19.825359"/>
  </frame>
  <frame idx="300" w="160" h="205" x="-0.643791" y="-14.093735">
   <element name="mouseover" layername="mouseover" frame="0" z_index="56" m_a="1.000000" m_b="0.000000" m_c="0.000000" m_d="1.000000" m_tx="-1.300000" m_ty="-14.900000"/>
   <element name="icon" layername="icon" frame="2" z_index="57" m_a="0.950836" m_b="0.000000" m_c="0.000000" m_d="0.958588" m_tx="0.350000" m_ty="6.350000"/>
   <element name="frame" layername="frame" frame="0" z_index="58" m_a="1.099990" m_b="0.000000" m_c="0.000000" m_d="1.099990" m_tx="-0.800000" m_ty="2.350000"/>
   <element name="frame" layername="frame" frame="2" z_index="59" m_a="1.099990" m_b="0.000000" m_c="0.000000" m_d="1.099990" m_tx="-0.800000" m_ty="2.350000"/>
   <element name="flame_yellow" layername="flame_yellow" frame="5" z_index="60" m_a="1.131930" m_b="0.000000" m_c="0.000000" m_d="1.087600" m_tx="-0.092214" m_ty="-19.825359"/>
  </frame>
 </anim>
 <anim name="sanity_prefer_pressed" root="spell_icons_warly" numframes="25" framerate="40">
  <frame idx="0" w="160" h="205" x="-0.643791" y="-14.093735">
   <element name="mouseover" layername="mouseover" frame="0" z_index="56" m_a="1.000000" m_b="0.000000" m_c="0.000000" m_d="1.000000" m_tx="-1.300000" m_ty="-14.900000"/>
   <element name="icon" layername="icon" frame="2" z_index="57" m_a="0.777954" m_b="0.000000" m_c="0.000000" m_d="0.784302" m_tx="0.200000" m_ty="2.450000"/>
   <element name="frame" layername="frame" frame="0" z_index="58" m_a="0.899994" m_b="0.000000" m_c="0.000000" m_d="0.899994" m_tx="-0.750000" m_ty="-0.800000"/>
   <element name="frame" layername="frame" frame="2" z_index="59" m_a="0.899994" m_b="0.000000" m_c="0.000000" m_d="0.899994" m_tx="-0.750000" m_ty="-0.800000"/>
   <element name="flame_yellow" layername="flame_yellow" frame="0" z_index="60" m_a="0.926117" m_b="0.000000" m_c="0.000000" m_d="0.889847" m_tx="-0.100000" m_ty="-18.100000"/>
  </frame>
 </anim>
 <anim name="health_prefer" root="spell_icons_warly" numframes="25" framerate="40">
  <frame idx="0" w="160" h="205" x="-0.643791" y="-14.093735">
   <element name="mouseover" layername="mouseover" frame="0" z_index="56" m_a="1.000000" m_b="0.000000" m_c="0.000000" m_d="1.000000" m_tx="-1.300000" m_ty="-14.900000"/>
   <element name="icon" layername="icon" frame="3" z_index="57" m_a="0.864410" m_b="0.000000" m_c="0.000000" m_d="0.871460" m_tx="0.300000" m_ty="4.400000"/>
   <element name="frame" layername="frame" frame="0" z_index="58" m_a="1.000000" m_b="0.000000" m_c="0.000000" m_d="1.000000" m_tx="-0.800000" m_ty="0.750000"/>
   <element name="frame" layername="frame" frame="2" z_index="59" m_a="1.000000" m_b="0.000000" m_c="0.000000" m_d="1.000000" m_tx="-0.800000" m_ty="0.750000"/>
   <element name="flame_yellow" layername="flame_yellow" frame="0" z_index="60" m_a="1.029040" m_b="0.000000" m_c="0.000000" m_d="0.988739" m_tx="-0.100000" m_ty="-18.450001"/>
  </frame>
 </anim>
 <anim name="health_prefer_focus" root="spell_icons_warly" numframes="325" framerate="40">
  <frame idx="0" w="160" h="205" x="-0.643791" y="-14.093735">
   <element name="mouseover" layername="mouseover" frame="0" z_index="56" m_a="1.000000" m_b="0.000000" m_c="0.000000" m_d="1.000000" m_tx="-1.300000" m_ty="-14.900000"/>
   <element name="icon" layername="icon" frame="3" z_index="57" m_a="0.950836" m_b="0.000000" m_c="0.000000" m_d="0.958588" m_tx="0.350000" m_ty="6.350000"/>
   <element name="frame" layername="frame" frame="0" z_index="58" m_a="1.099990" m_b="0.000000" m_c="0.000000" m_d="1.099990" m_tx="-0.800000" m_ty="2.350000"/>
   <element name="frame" layername="frame" frame="2" z_index="59" m_a="1.099990" m_b="0.000000" m_c="0.000000" m_d="1.099990" m_tx="-0.800000" m_ty="2.350000"/>
   <element name="flame_yellow" layername="flame_yellow" frame="1" z_index="60" m_a="1.131930" m_b="0.000000" m_c="0.000000" m_d="1.087600" m_tx="-0.050000" m_ty="-18.700001"/>
  </frame>
  <frame idx="25" w="160" h="205" x="-0.643791" y="-14.093735">
   <element name="mouseover" layername="mouseover" frame="0" z_index="56" m_a="1.000000" m_b="0.000000" m_c="0.000000" m_d="1.000000" m_tx="-1.300000" m_ty="-14.900000"/>
   <element name="icon" layername="icon" frame="3" z_index="57" m_a="0.950836" m_b="0.000000" m_c="0.000000" m_d="0.958588" m_tx="0.350000" m_ty="6.350000"/>
   <element name="frame" layername="frame" frame="0" z_index="58" m_a="1.099990" m_b="0.000000" m_c="0.000000" m_d="1.099990" m_tx="-0.800000" m_ty="2.350000"/>
   <element name="frame" layername="frame" frame="2" z_index="59" m_a="1.099990" m_b="0.000000" m_c="0.000000" m_d="1.099990" m_tx="-0.800000" m_ty="2.350000"/>
   <element name="flame_yellow" layername="flame_yellow" frame="1" z_index="60" m_a="1.131930" m_b="0.000000" m_c="0.000000" m_d="1.087600" m_tx="-0.451953" m_ty="-19.653034"/>
  </frame>
  <frame idx="50" w="160" h="205" x="-0.643791" y="-14.093735">
   <element name="mouseover" layername="mouseover" frame="0" z_index="56" m_a="1.000000" m_b="0.000000" m_c="0.000000" m_d="1.000000" m_tx="-1.300000" m_ty="-14.900000"/>
   <element name="icon" layername="icon" frame="3" z_index="57" m_a="0.950836" m_b="0.000000" m_c="0.000000" m_d="0.958588" m_tx="0.350000" m_ty="6.350000"/>
   <element name="frame" layername="frame" frame="0" z_index="58" m_a="1.099990" m_b="0.000000" m_c="0.000000" m_d="1.099990" m_tx="-0.800000" m_ty="2.350000"/>
   <element name="frame" layername="frame" frame="2" z_index="59" m_a="1.099990" m_b="0.000000" m_c="0.000000" m_d="1.099990" m_tx="-0.800000" m_ty="2.350000"/>
   <element name="flame_yellow" layername="flame_yellow" frame="2" z_index="60" m_a="1.131930" m_b="0.000000" m_c="0.000000" m_d="1.087600" m_tx="-0.601537" m_ty="-19.978493"/>
  </frame>
  <frame idx="75" w="160" h="205" x="-0.643791" y="-14.093735">
   <element name="mouseover" layername="mouseover" frame="0" z_index="56" m_a="1.000000" m_b="0.000000" m_c="0.000000" m_d="1.000000" m_tx="-1.300000" m_ty="-14.900000"/>
   <element name="icon" layername="icon" frame="3" z_index="57" m_a="0.950836" m_b="0.000000" m_c="0.000000" m_d="0.958588" m_tx="0.350000" m_ty="6.350000"/>
   <element name="frame" layername="frame" frame="0" z_index="58" m_a="1.099990" m_b="0.000000" m_c="0.000000" m_d="1.099990" m_tx="-0.800000" m_ty="2.350000"/>
   <element name="frame" layername="frame" frame="2" z_index="59" m_a="1.099990" m_b="0.000000" m_c="0.000000" m_d="1.099990" m_tx="-0.800000" m_ty="2.350000"/>
   <element name="flame_yellow" layername="flame_yellow" frame="2" z_index="60" m_a="1.131930" m_b="0.000000" m_c="0.000000" m_d="1.087600" m_tx="-0.721538" m_ty="-20.038975"/>
  </frame>
  <frame idx="100" w="160" h="205" x="-0.469627" y="-14.093735">
   <element name="mouseover" layername="mouseover" frame="0" z_index="56" m_a="1.000000" m_b="0.000000" m_c="0.000000" m_d="1.000000" m_tx="-1.300000" m_ty="-14.900000"/>
   <element name="icon" layername="icon" frame="3" z_index="57" m_a="0.950836" m_b="0.000000" m_c="0.000000" m_d="0.958588" m_tx="0.350000" m_ty="6.350000"/>
   <element name="frame" layername="frame" frame="0" z_index="58" m_a="1.099990" m_b="0.000000" m_c="0.000000" m_d="1.099990" m_tx="-0.800000" m_ty="2.350000"/>
   <element name="frame" layername="frame" frame="2" z_index="59" m_a="1.099990" m_b="0.000000" m_c="0.000000" m_d="1.099990" m_tx="-0.800000" m_ty="2.350000"/>
   <element name="flame_yellow" layername="flame_yellow" frame="3" z_index="60" m_a="1.131930" m_b="0.000000" m_c="0.000000" m_d="1.087600" m_tx="-1.124327" m_ty="-20.217443"/>
  </frame>
  <frame idx="125" w="160" h="205" x="-0.469627" y="-14.093735">
   <element name="mouseover" layername="mouseover" frame="0" z_index="56" m_a="1.000000" m_b="0.000000" m_c="0.000000" m_d="1.000000" m_tx="-1.300000" m_ty="-14.900000"/>
   <element name="icon" layername="icon" frame="3" z_index="57" m_a="0.950836" m_b="0.000000" m_c="0.000000" m_d="0.958588" m_tx="0.350000" m_ty="6.350000"/>
   <element name="frame" layername="frame" frame="0" z_index="58" m_a="1.099990" m_b="0.000000" m_c="0.000000" m_d="1.099990" m_tx="-0.800000" m_ty="2.350000"/>
   <element name="frame" layername="frame" frame="2" z_index="59" m_a="1.099990" m_b="0.000000" m_c="0.000000" m_d="1.099990" m_tx="-0.800000" m_ty="2.350000"/>
   <element name="flame_yellow" layername="flame_yellow" frame="3" z_index="60" m_a="1.131930" m_b="0.000000" m_c="0.000000" m_d="1.087600" m_tx="-1.124327" m_ty="-20.217443"/>
  </frame>
  <frame idx="150" w="160" h="205" x="-0.571434" y="-14.093735">
   <element name="mouseover" layername="mouseover" frame="0" z_index="56" m_a="1.000000" m_b="0.000000" m_c="0.000000" m_d="1.000000" m_tx="-1.300000" m_ty="-14.900000"/>
   <element name="icon" layername="icon" frame="3" z_index="57" m_a="0.950836" m_b="0.000000" m_c="0.000000" m_d="0.958588" m_tx="0.350000" m_ty="6.350000"/>
   <element name="frame" layername="frame" frame="0" z_index="58" m_a="1.099990" m_b="0.000000" m_c="0.000000" m_d="1.099990" m_tx="-0.800000" m_ty="2.350000"/>
   <element name="frame" layername="frame" frame="2" z_index="59" m_a="1.099990" m_b="0.000000" m_c="0.000000" m_d="1.099990" m_tx="-0.800000" m_ty="2.350000"/>
   <element name="flame_yellow" layername="flame_yellow" frame="3" z_index="60" m_a="1.131930" m_b="0.000000" m_c="0.000000" m_d="1.087600" m_tx="-1.327921" m_ty="-19.899122"/>
  </frame>
  <frame idx="175" w="160" h="205" x="-0.643791" y="-14.093735">
   <element name="mouseover" layername="mouseover" frame="0" z_index="56" m_a="1.000000" m_b="0.000000" m_c="0.000000" m_d="1.000000" m_tx="-1.300000" m_ty="-14.900000"/>
   <element name="icon" layername="icon" frame="3" z_index="57" m_a="0.950836" m_b="0.000000" m_c="0.000000" m_d="0.958588" m_tx="0.350000" m_ty="6.350000"/>
   <element name="frame" layername="frame" frame="0" z_index="58" m_a="1.099990" m_b="0.000000" m_c="0.000000" m_d="1.099990" m_tx="-0.800000" m_ty="2.350000"/>
   <element name="frame" layername="frame" frame="2" z_index="59" m_a="1.099990" m_b="0.000000" m_c="0.000000" m_d="1.099990" m_tx="-0.800000" m_ty="2.350000"/>
   <element name="flame_yellow" layername="flame_yellow" frame="4" z_index="60" m_a="1.131930" m_b="0.000000" m_c="0.000000" m_d="1.087600" m_tx="-1.492715" m_ty="-19.572865"/>
  </frame>
  <frame idx="200" w="160" h="205" x="-0.643791" y="-14.093735">
   <element name="mouseover" layername="mouseover" frame="0" z_index="56" m_a="1.000000" m_b="0.000000" m_c="0.000000" m_d="1.000000" m_tx="-1.300000" m_ty="-14.900000"/>
   <element name="icon" layername="icon" frame="3" z_index="57" m_a="0.950836" m_b="0.000000" m_c="0.000000" m_d="0.958588" m_tx="0.350000" m_ty="6.350000"/>
   <element name="frame" layername="frame" frame="0" z_index="58" m_a="1.099990" m_b="0.000000" m_c="0.000000" m_d="1.099990" m_tx="-0.800000" m_ty="2.350000"/>
   <element name="frame" layername="frame" frame="2" z_index="59" m_a="1.099990" m_b="0.000000" m_c="0.000000" m_d="1.099990" m_tx="-0.800000" m_ty="2.350000"/>
   <element name="flame_yellow" layername="flame_yellow" frame="4" z_index="60" m_a="1.131930" m_b="0.000000" m_c="0.000000" m_d="1.087600" m_tx="-1.492715" m_ty="-19.572865"/>
  </frame>
  <frame idx="225" w="160" h="205" x="-0.643791" y="-14.093735">
   <element name="mouseover" layername="mouseover" frame="0" z_index="56" m_a="1.000000" m_b="0.000000" m_c="0.000000" m_d="1.000000" m_tx="-1.300000" m_ty="-14.900000"/>
   <element name="icon" layername="icon" frame="3" z_index="57" m_a="0.950836" m_b="0.000000" m_c="0.000000" m_d="0.958588" m_tx="0.350000" m_ty="6.350000"/>
   <element name="frame" layername="frame" frame="0" z_index="58" m_a="1.099990" m_b="0.000000" m_c="0.000000" m_d="1.099990" m_tx="-0.800000" m_ty="2.350000"/>
   <element name="frame" layername="frame" frame="2" z_index="59" m_a="1.099990" m_b="0.000000" m_c="0.000000" m_d="1.099990" m_tx="-0.800000" m_ty="2.350000"/>
   <element name="flame_yellow" layername="flame_yellow" frame="4" z_index="60" m_a="1.131930" m_b="0.000000" m_c="0.000000" m_d="1.087600" m_tx="-0.462660" m_ty="-19.764229"/>
  </frame>
  <frame idx="250" w="160" h="205" x="-0.643791" y="-14.093735">
   <element name="mouseover" layername="mouseover" frame="0" z_index="56" m_a="1.000000" m_b="0.000000" m_c="0.000000" m_d="1.000000" m_tx="-1.300000" m_ty="-14.900000"/>
   <element name="icon" layername="icon" frame="3" z_index="57" m_a="0.950836" m_b="0.000000" m_c="0.000000" m_d="0.958588" m_tx="0.350000" m_ty="6.350000"/>
   <element name="frame" layername="frame" frame="0" z_index="58" m_a="1.099990" m_b="0.000000" m_c="0.000000" m_d="1.099990" m_tx="-0.800000" m_ty="2.350000"/>
   <element name="frame" layername="frame" frame="2" z_index="59" m_a="1.099990" m_b="0.000000" m_c="0.000000" m_d="1.099990" m_tx="-0.800000" m_ty="2.350000"/>
   <element name="flame_yellow" layername="flame_yellow" frame="5" z_index="60" m_a="1.131930" m_b="0.000000" m_c="0.000000" m_d="1.087600" m_tx="-0.092214" m_ty="-19.825359"/>
  </frame>
  <frame idx="275" w="160" h="205" x="-0.643791" y="-14.093735">
   <element name="mouseover" layername="mouseover" frame="0" z_index="56" m_a="1.000000" m_b="0.000000" m_c="0.000000" m_d="1.000000" m_tx="-1.300000" m_ty="-14.900000"/>
   <element name="icon" layername="icon" frame="3" z_index="57" m_a="0.950836" m_b="0.000000" m_c="0.000000" m_d="0.958588" m_tx="0.350000" m_ty="6.350000"/>
   <element name="frame" layername="frame" frame="0" z_index="58" m_a="1.099990" m_b="0.000000" m_c="0.000000" m_d="1.099990" m_tx="-0.800000" m_ty="2.350000"/>
   <element name="frame" layername="frame" frame="2" z_index="59" m_a="1.099990" m_b="0.000000" m_c="0.000000" m_d="1.099990" m_tx="-0.800000" m_ty="2.350000"/>
   <element name="flame_yellow" layername="flame_yellow" frame="5" z_index="60" m_a="1.131930" m_b="0.000000" m_c="0.000000" m_d="1.087600" m_tx="-0.092214" m_ty="-19.825359"/>
  </frame>
  <frame idx="300" w="160" h="205" x="-0.643791" y="-14.093735">
   <element name="mouseover" layername="mouseover" frame="0" z_index="56" m_a="1.000000" m_b="0.000000" m_c="0.000000" m_d="1.000000" m_tx="-1.300000" m_ty="-14.900000"/>
   <element name="icon" layername="icon" frame="3" z_index="57" m_a="0.950836" m_b="0.000000" m_c="0.000000" m_d="0.958588" m_tx="0.350000" m_ty="6.350000"/>
   <element name="frame" layername="frame" frame="0" z_index="58" m_a="1.099990" m_b="0.000000" m_c="0.000000" m_d="1.099990" m_tx="-0.800000" m_ty="2.350000"/>
   <element name="frame" layername="frame" frame="2" z_index="59" m_a="1.099990" m_b="0.000000" m_c="0.000000" m_d="1.099990" m_tx="-0.800000" m_ty="2.350000"/>
   <element name="flame_yellow" layername="flame_yellow" frame="5" z_index="60" m_a="1.131930" m_b="0.000000" m_c="0.000000" m_d="1.087600" m_tx="-0.092214" m_ty="-19.825359"/>
  </frame>
 </anim>
 <anim name="health_prefer_pressed" root="spell_icons_warly" numframes="25" framerate="40">
  <frame idx="0" w="160" h="205" x="-0.643791" y="-14.093735">
   <element name="mouseover" layername="mouseover" frame="0" z_index="56" m_a="1.000000" m_b="0.000000" m_c="0.000000" m_d="1.000000" m_tx="-1.300000" m_ty="-14.900000"/>
   <element name="icon" layername="icon" frame="3" z_index="57" m_a="0.777954" m_b="0.000000" m_c="0.000000" m_d="0.784302" m_tx="0.200000" m_ty="2.450000"/>
   <element name="frame" layername="frame" frame="0" z_index="58" m_a="0.899994" m_b="0.000000" m_c="0.000000" m_d="0.899994" m_tx="-0.750000" m_ty="-0.800000"/>
   <element name="frame" layername="frame" frame="2" z_index="59" m_a="0.899994" m_b="0.000000" m_c="0.000000" m_d="0.899994" m_tx="-0.750000" m_ty="-0.800000"/>
   <element name="flame_yellow" layername="flame_yellow" frame="0" z_index="60" m_a="0.926117" m_b="0.000000" m_c="0.000000" m_d="0.889847" m_tx="-0.100000" m_ty="-18.100000"/>
  </frame>
 </anim>
 <anim name="random" root="spell_icons_warly" numframes="25" framerate="40">
  <frame idx="0" w="160" h="205" x="-0.643791" y="-14.093735">
   <element name="mouseover" layername="mouseover" frame="0" z_index="56" m_a="1.000000" m_b="0.000000" m_c="0.000000" m_d="1.000000" m_tx="-1.300000" m_ty="-14.900000"/>
   <element name="icon" layername="icon" frame="1" z_index="57" m_a="0.864410" m_b="0.000000" m_c="0.000000" m_d="0.871460" m_tx="0.300000" m_ty="4.400000"/>
   <element name="frame" layername="frame" frame="0" z_index="58" m_a="1.000000" m_b="0.000000" m_c="0.000000" m_d="1.000000" m_tx="-0.800000" m_ty="0.750000"/>
   <element name="frame" layername="frame" frame="2" z_index="59" m_a="1.000000" m_b="0.000000" m_c="0.000000" m_d="1.000000" m_tx="-0.800000" m_ty="0.750000"/>
   <element name="flame_yellow" layername="flame_yellow" frame="0" z_index="60" m_a="1.029040" m_b="0.000000" m_c="0.000000" m_d="0.988739" m_tx="-0.100000" m_ty="-18.450001"/>
  </frame>
 </anim>
 <anim name="random_focus" root="spell_icons_warly" numframes="400" framerate="40">
  <frame idx="0" w="160" h="205" x="-0.643791" y="-14.093735">
   <element name="mouseover" layername="mouseover" frame="0" z_index="56" m_a="1.000000" m_b="0.000000" m_c="0.000000" m_d="1.000000" m_tx="-1.300000" m_ty="-14.900000"/>
   <element name="icon" layername="icon" frame="1" z_index="57" m_a="0.950836" m_b="0.000000" m_c="0.000000" m_d="0.958588" m_tx="0.350000" m_ty="6.350000"/>
   <element name="frame" layername="frame" frame="0" z_index="58" m_a="1.099990" m_b="0.000000" m_c="0.000000" m_d="1.099990" m_tx="-0.800000" m_ty="2.350000"/>
   <element name="frame" layername="frame" frame="2" z_index="59" m_a="1.099990" m_b="0.000000" m_c="0.000000" m_d="1.099990" m_tx="-0.800000" m_ty="2.350000"/>
   <element name="flame_yellow" layername="flame_yellow" frame="1" z_index="60" m_a="1.131930" m_b="0.000000" m_c="0.000000" m_d="1.087600" m_tx="-0.050000" m_ty="-18.700001"/>
  </frame>
  <frame idx="25" w="160" h="205" x="-0.643791" y="-14.093735">
   <element name="mouseover" layername="mouseover" frame="0" z_index="56" m_a="1.000000" m_b="0.000000" m_c="0.000000" m_d="1.000000" m_tx="-1.300000" m_ty="-14.900000"/>
   <element name="icon" layername="icon" frame="1" z_index="57" m_a="0.950836" m_b="0.000000" m_c="0.000000" m_d="0.958588" m_tx="0.350000" m_ty="6.350000"/>
   <element name="frame" layername="frame" frame="0" z_index="58" m_a="1.099990" m_b="0.000000" m_c="0.000000" m_d="1.099990" m_tx="-0.800000" m_ty="2.350000"/>
   <element name="frame" layername="frame" frame="2" z_index="59" m_a="1.099990" m_b="0.000000" m_c="0.000000" m_d="1.099990" m_tx="-0.800000" m_ty="2.350000"/>
   <element name="flame_yellow" layername="flame_yellow" frame="1" z_index="60" m_a="1.131930" m_b="0.000000" m_c="0.000000" m_d="1.087600" m_tx="-0.451953" m_ty="-19.653034"/>
  </frame>
  <frame idx="50" w="160" h="205" x="-0.643791" y="-14.093735">
   <element name="mouseover" layername="mouseover" frame="0" z_index="56" m_a="1.000000" m_b="0.000000" m_c="0.000000" m_d="1.000000" m_tx="-1.300000" m_ty="-14.900000"/>
   <element name="icon" layername="icon" frame="1" z_index="57" m_a="0.950836" m_b="0.000000" m_c="0.000000" m_d="0.958588" m_tx="0.350000" m_ty="6.350000"/>
   <element name="frame" layername="frame" frame="0" z_index="58" m_a="1.099990" m_b="0.000000" m_c="0.000000" m_d="1.099990" m_tx="-0.800000" m_ty="2.350000"/>
   <element name="frame" layername="frame" frame="2" z_index="59" m_a="1.099990" m_b="0.000000" m_c="0.000000" m_d="1.099990" m_tx="-0.800000" m_ty="2.350000"/>
   <element name="flame_yellow" layername="flame_yellow" frame="2" z_index="60" m_a="1.131930" m_b="0.000000" m_c="0.000000" m_d="1.087600" m_tx="-0.601537" m_ty="-19.978493"/>
  </frame>
  <frame idx="75" w="160" h="205" x="-0.643791" y="-14.093735">
   <element name="mouseover" layername="mouseover" frame="0" z_index="56" m_a="1.000000" m_b="0.000000" m_c="0.000000" m_d="1.000000" m_tx="-1.300000" m_ty="-14.900000"/>
   <element name="icon" layername="icon" frame="1" z_index="57" m_a="0.950836" m_b="0.000000" m_c="0.000000" m_d="0.958588" m_tx="0.350000" m_ty="6.350000"/>
   <element name="frame" layername="frame" frame="0" z_index="58" m_a="1.099990" m_b="0.000000" m_c="0.000000" m_d="1.099990" m_tx="-0.800000" m_ty="2.350000"/>
   <element name="frame" layername="frame" frame="2" z_index="59" m_a="1.099990" m_b="0.000000" m_c="0.000000" m_d="1.099990" m_tx="-0.800000" m_ty="2.350000"/>
   <element name="flame_yellow" layername="flame_yellow" frame="2" z_index="60" m_a="1.131930" m_b="0.000000" m_c="0.000000" m_d="1.087600" m_tx="-0.721538" m_ty="-20.038975"/>
  </frame>
  <frame idx="100" w="160" h="205" x="-0.469627" y="-14.093735">
   <element name="mouseover" layername="mouseover" frame="0" z_index="56" m_a="1.000000" m_b="0.000000" m_c="0.000000" m_d="1.000000" m_tx="-1.300000" m_ty="-14.900000"/>
   <element name="icon" layername="icon" frame="1" z_index="57" m_a="0.950836" m_b="0.000000" m_c="0.000000" m_d="0.958588" m_tx="0.350000" m_ty="6.350000"/>
   <element name="frame" layername="frame" frame="0" z_index="58" m_a="1.099990" m_b="0.000000" m_c="0.000000" m_d="1.099990" m_tx="-0.800000" m_ty="2.350000"/>
   <element name="frame" layername="frame" frame="2" z_index="59" m_a="1.099990" m_b="0.000000" m_c="0.000000" m_d="1.099990" m_tx="-0.800000" m_ty="2.350000"/>
   <element name="flame_yellow" layername="flame_yellow" frame="3" z_index="60" m_a="1.131930" m_b="0.000000" m_c="0.000000" m_d="1.087600" m_tx="-1.124327" m_ty="-20.217443"/>
  </frame>
  <frame idx="125" w="160" h="205" x="-0.469627" y="-14.093735">
   <element name="mouseover" layername="mouseover" frame="0" z_index="56" m_a="1.000000" m_b="0.000000" m_c="0.000000" m_d="1.000000" m_tx="-1.300000" m_ty="-14.900000"/>
   <element name="icon" layername="icon" frame="1" z_index="57" m_a="0.950836" m_b="0.000000" m_c="0.000000" m_d="0.958588" m_tx="0.350000" m_ty="6.350000"/>
   <element name="frame" layername="frame" frame="0" z_index="58" m_a="1.099990" m_b="0.000000" m_c="0.000000" m_d="1.099990" m_tx="-0.800000" m_ty="2.350000"/>
   <element name="frame" layername="frame" frame="2" z_index="59" m_a="1.099990" m_b="0.000000" m_c="0.000000" m_d="1.099990" m_tx="-0.800000" m_ty="2.350000"/>
   <element name="flame_yellow" layername="flame_yellow" frame="3" z_index="60" m_a="1.131930" m_b="0.000000" m_c="0.000000" m_d="1.087600" m_tx="-1.124327" m_ty="-20.217443"/>
  </frame>
  <frame idx="150" w="160" h="205" x="-0.571434" y="-14.093735">
   <element name="mouseover" layername="mouseover" frame="0" z_index="56" m_a="1.000000" m_b="0.000000" m_c="0.000000" m_d="1.000000" m_tx="-1.300000" m_ty="-14.900000"/>
   <element name="icon" layername="icon" frame="1" z_index="57" m_a="0.950836" m_b="0.000000" m_c="0.000000" m_d="0.958588" m_tx="0.350000" m_ty="6.350000"/>
   <element name="frame" layername="frame" frame="0" z_index="58" m_a="1.099990" m_b="0.000000" m_c="0.000000" m_d="1.099990" m_tx="-0.800000" m_ty="2.350000"/>
   <element name="frame" layername="frame" frame="2" z_index="59" m_a="1.099990" m_b="0.000000" m_c="0.000000" m_d="1.099990" m_tx="-0.800000" m_ty="2.350000"/>
   <element name="flame_yellow" layername="flame_yellow" frame="3" z_index="60" m_a="1.131930" m_b="0.000000" m_c="0.000000" m_d="1.087600" m_tx="-1.327921" m_ty="-19.899122"/>
  </frame>
  <frame idx="175" w="160" h="205" x="-0.643791" y="-14.093735">
   <element name="mouseover" layername="mouseover" frame="0" z_index="56" m_a="1.000000" m_b="0.000000" m_c="0.000000" m_d="1.000000" m_tx="-1.300000" m_ty="-14.900000"/>
   <element name="icon" layername="icon" frame="1" z_index="57" m_a="0.950836" m_b="0.000000" m_c="0.000000" m_d="0.958588" m_tx="0.350000" m_ty="6.350000"/>
   <element name="frame" layername="frame" frame="0" z_index="58" m_a="1.099990" m_b="0.000000" m_c="0.000000" m_d="1.099990" m_tx="-0.800000" m_ty="2.350000"/>
   <element name="frame" layername="frame" frame="2" z_index="59" m_a="1.099990" m_b="0.000000" m_c="0.000000" m_d="1.099990" m_tx="-0.800000" m_ty="2.350000"/>
   <element name="flame_yellow" layername="flame_yellow" frame="4" z_index="60" m_a="1.131930" m_b="0.000000" m_c="0.000000" m_d="1.087600" m_tx="-1.492715" m_ty="-19.572865"/>
  </frame>
  <frame idx="200" w="160" h="205" x="-0.643791" y="-14.093735">
   <element name="mouseover" layername="mouseover" frame="0" z_index="56" m_a="1.000000" m_b="0.000000" m_c="0.000000" m_d="1.000000" m_tx="-1.300000" m_ty="-14.900000"/>
   <element name="icon" layername="icon" frame="1" z_index="57" m_a="0.950836" m_b="0.000000" m_c="0.000000" m_d="0.958588" m_tx="0.350000" m_ty="6.350000"/>
   <element name="frame" layername="frame" frame="0" z_index="58" m_a="1.099990" m_b="0.000000" m_c="0.000000" m_d="1.099990" m_tx="-0.800000" m_ty="2.350000"/>
   <element name="frame" layername="frame" frame="2" z_index="59" m_a="1.099990" m_b="0.000000" m_c="0.000000" m_d="1.099990" m_tx="-0.800000" m_ty="2.350000"/>
   <element name="flame_yellow" layername="flame_yellow" frame="4" z_index="60" m_a="1.131930" m_b="0.000000" m_c="0.000000" m_d="1.087600" m_tx="-1.492715" m_ty="-19.572865"/>
  </frame>
  <frame idx="225" w="160" h="205" x="-0.643791" y="-14.093735">
   <element name="mouseover" layername="mouseover" frame="0" z_index="56" m_a="1.000000" m_b="0.000000" m_c="0.000000" m_d="1.000000" m_tx="-1.300000" m_ty="-14.900000"/>
   <element name="icon" layername="icon" frame="1" z_index="57" m_a="0.950836" m_b="0.000000" m_c="0.000000" m_d="0.958588" m_tx="0.350000" m_ty="6.350000"/>
   <element name="frame" layername="frame" frame="0" z_index="58" m_a="1.099990" m_b="0.000000" m_c="0.000000" m_d="1.099990" m_tx="-0.800000" m_ty="2.350000"/>
   <element name="frame" layername="frame" frame="2" z_index="59" m_a="1.099990" m_b="0.000000" m_c="0.000000" m_d="1.099990" m_tx="-0.800000" m_ty="2.350000"/>
   <element name="flame_yellow" layername="flame_yellow" frame="4" z_index="60" m_a="1.131930" m_b="0.000000" m_c="0.000000" m_d="1.087600" m_tx="-0.462660" m_ty="-19.764229"/>
  </frame>
  <frame idx="250" w="160" h="205" x="-0.643791" y="-14.093735">
   <element name="mouseover" layername="mouseover" frame="0" z_index="56" m_a="1.000000" m_b="0.000000" m_c="0.000000" m_d="1.000000" m_tx="-1.300000" m_ty="-14.900000"/>
   <element name="icon" layername="icon" frame="1" z_index="57" m_a="0.950836" m_b="0.000000" m_c="0.000000" m_d="0.958588" m_tx="0.350000" m_ty="6.350000"/>
   <element name="frame" layername="frame" frame="0" z_index="58" m_a="1.099990" m_b="0.000000" m_c="0.000000" m_d="1.099990" m_tx="-0.800000" m_ty="2.350000"/>
   <element name="frame" layername="frame" frame="2" z_index="59" m_a="1.099990" m_b="0.000000" m_c="0.000000" m_d="1.099990" m_tx="-0.800000" m_ty="2.350000"/>
   <element name="flame_yellow" layername="flame_yellow" frame="5" z_index="60" m_a="1.131930" m_b="0.000000" m_c="0.000000" m_d="1.087600" m_tx="-0.092214" m_ty="-19.825359"/>
  </frame>
  <frame idx="275" w="160" h="205" x="-0.643791" y="-14.093735">
   <element name="mouseover" layername="mouseover" frame="0" z_index="56" m_a="1.000000" m_b="0.000000" m_c="0.000000" m_d="1.000000" m_tx="-1.300000" m_ty="-14.900000"/>
   <element name="icon" layername="icon" frame="1" z_index="57" m_a="0.950836" m_b="0.000000" m_c="0.000000" m_d="0.958588" m_tx="0.350000" m_ty="6.350000"/>
   <element name="frame" layername="frame" frame="0" z_index="58" m_a="1.099990" m_b="0.000000" m_c="0.000000" m_d="1.099990" m_tx="-0.800000" m_ty="2.350000"/>
   <element name="frame" layername="frame" frame="2" z_index="59" m_a="1.099990" m_b="0.000000" m_c="0.000000" m_d="1.099990" m_tx="-0.800000" m_ty="2.350000"/>
   <element name="flame_yellow" layername="flame_yellow" frame="5" z_index="60" m_a="1.131930" m_b="0.000000" m_c="0.000000" m_d="1.087600" m_tx="-0.092214" m_ty="-19.825359"/>
  </frame>
  <frame idx="300" w="160" h="205" x="-0.643791" y="-14.093735">
   <element name="mouseover" layername="mouseover" frame="0" z_index="56" m_a="1.000000" m_b="0.000000" m_c="0.000000" m_d="1.000000" m_tx="-1.300000" m_ty="-14.900000"/>
   <element name="icon" layername="icon" frame="1" z_index="57" m_a="0.950836" m_b="0.000000" m_c="0.000000" m_d="0.958588" m_tx="0.350000" m_ty="6.350000"/>
   <element name="frame" layername="frame" frame="0" z_index="58" m_a="1.099990" m_b="0.000000" m_c="0.000000" m_d="1.099990" m_tx="-0.800000" m_ty="2.350000"/>
   <element name="frame" layername="frame" frame="2" z_index="59" m_a="1.099990" m_b="0.000000" m_c="0.000000" m_d="1.099990" m_tx="-0.800000" m_ty="2.350000"/>
   <element name="flame_yellow" layername="flame_yellow" frame="5" z_index="60" m_a="1.131930" m_b="0.000000" m_c="0.000000" m_d="1.087600" m_tx="-0.092214" m_ty="-19.825359"/>
  </frame>
  <frame idx="325" w="160" h="205" x="-0.643791" y="-14.093735">
   <element name="mouseover" layername="mouseover" frame="0" z_index="56" m_a="1.000000" m_b="0.000000" m_c="0.000000" m_d="1.000000" m_tx="-1.300000" m_ty="-14.900000"/>
   <element name="icon" layername="icon" frame="1" z_index="57" m_a="0.950836" m_b="0.000000" m_c="0.000000" m_d="0.958588" m_tx="0.350000" m_ty="6.350000"/>
   <element name="frame" layername="frame" frame="0" z_index="58" m_a="1.099990" m_b="0.000000" m_c="0.000000" m_d="1.099990" m_tx="-0.800000" m_ty="2.350000"/>
   <element name="frame" layername="frame" frame="2" z_index="59" m_a="1.099990" m_b="0.000000" m_c="0.000000" m_d="1.099990" m_tx="-0.800000" m_ty="2.350000"/>
   <element name="flame_yellow" layername="flame_yellow" frame="5" z_index="60" m_a="1.131930" m_b="0.000000" m_c="0.000000" m_d="1.087600" m_tx="-0.092214" m_ty="-19.825359"/>
  </frame>
  <frame idx="350" w="160" h="205" x="-0.643791" y="-14.093735">
   <element name="mouseover" layername="mouseover" frame="0" z_index="56" m_a="1.000000" m_b="0.000000" m_c="0.000000" m_d="1.000000" m_tx="-1.300000" m_ty="-14.900000"/>
   <element name="icon" layername="icon" frame="1" z_index="57" m_a="0.950836" m_b="0.000000" m_c="0.000000" m_d="0.958588" m_tx="0.350000" m_ty="6.350000"/>
   <element name="frame" layername="frame" frame="0" z_index="58" m_a="1.099990" m_b="0.000000" m_c="0.000000" m_d="1.099990" m_tx="-0.800000" m_ty="2.350000"/>
   <element name="frame" layername="frame" frame="2" z_index="59" m_a="1.099990" m_b="0.000000" m_c="0.000000" m_d="1.099990" m_tx="-0.800000" m_ty="2.350000"/>
   <element name="flame_yellow" layername="flame_yellow" frame="5" z_index="60" m_a="1.131930" m_b="0.000000" m_c="0.000000" m_d="1.087600" m_tx="-0.092214" m_ty="-19.825359"/>
  </frame>
  <frame idx="375" w="160" h="205" x="-0.643791" y="-14.093735">
   <element name="mouseover" layername="mouseover" frame="0" z_index="56" m_a="1.000000" m_b="0.000000" m_c="0.000000" m_d="1.000000" m_tx="-1.300000" m_ty="-14.900000"/>
   <element name="icon" layername="icon" frame="1" z_index="57" m_a="0.950836" m_b="0.000000" m_c="0.000000" m_d="0.958588" m_tx="0.350000" m_ty="6.350000"/>
   <element name="frame" layername="frame" frame="0" z_index="58" m_a="1.099990" m_b="0.000000" m_c="0.000000" m_d="1.099990" m_tx="-0.800000" m_ty="2.350000"/>
   <element name="frame" layername="frame" frame="2" z_index="59" m_a="1.099990" m_b="0.000000" m_c="0.000000" m_d="1.099990" m_tx="-0.800000" m_ty="2.350000"/>
   <element name="flame_yellow" layername="flame_yellow" frame="5" z_index="60" m_a="1.131930" m_b="0.000000" m_c="0.000000" m_d="1.087600" m_tx="-0.092214" m_ty="-19.825359"/>
  </frame>
 </anim>
 <anim name="random_pressed" root="spell_icons_warly" numframes="25" framerate="40">
  <frame idx="0" w="160" h="205" x="-0.643791" y="-14.093735">
   <element name="mouseover" layername="mouseover" frame="0" z_index="56" m_a="1.000000" m_b="0.000000" m_c="0.000000" m_d="1.000000" m_tx="-1.300000" m_ty="-14.900000"/>
   <element name="icon" layername="icon" frame="1" z_index="57" m_a="0.777954" m_b="0.000000" m_c="0.000000" m_d="0.784302" m_tx="0.200000" m_ty="2.450000"/>
   <element name="frame" layername="frame" frame="0" z_index="58" m_a="0.899994" m_b="0.000000" m_c="0.000000" m_d="0.899994" m_tx="-0.750000" m_ty="-0.800000"/>
   <element name="frame" layername="frame" frame="2" z_index="59" m_a="0.899994" m_b="0.000000" m_c="0.000000" m_d="0.899994" m_tx="-0.750000" m_ty="-0.800000"/>
   <element name="flame_yellow" layername="flame_yellow" frame="0" z_index="60" m_a="0.926117" m_b="0.000000" m_c="0.000000" m_d="0.889847" m_tx="-0.100000" m_ty="-18.100000"/>
  </frame>
 </anim>
</Anims>
